Bedrooms,Bathrooms,SquareFootageHouse,Location,Age,PoolQuality,HasPhotovoltaics,HeatingType,HasFiberglass,IsFurnished,HasFireplace,KitchensQuality,BathroomsQuality,BedroomsQuality,LivingRoomsQuality,SquareFootageGarden,PreviousOwnerRating,HeatingCosts,Price,DaysSinceForSale,HasPool,AverageQuality
1.0,2.0,127.0,0,69.0,1,0,1,1,1,0,1,1,1,1,16.0,1.33,134.22000122070312,346.57594,272,1,1.0
3.0,3.0,129.0,0,65.0,-1,1,0,0,0,0,0,1,2,0,16.0,1.52,42.369998931884766,429.91007,640,0,0.75
1.0,2.0,99.0,2,43.0,2,0,1,1,1,0,1,1,2,0,46.0,2.49,59.4,243.80271,784,1,1.0
2.0,2.0,126.0,0,35.0,-1,0,0,0,0,0,1,1,1,1,6.0,1.44,201.6,378.22772,1291,0,1.0
1.0,3.0,101.0,0,54.0,-1,0,1,0,1,0,2,0,0,1,6.0,1.88,60.0,249.67852,638,0,0.75
1.0,2.0,81.0,2,58.0,-1,0,1,0,0,0,1,2,1,1,6.0,2.87,214.6300048828125,185.29771,771,0,1.25
1.0,1.0,45.0,1,0.0,2,0,0,0,1,0,1,2,2,1,46.0,4.63,72.0,121.05968,1096,1,1.5
1.0,1.0,23.0,1,13.0,-1,0,0,0,1,0,1,1,2,2,6.0,2.47,200.1699981689453,108.5784,1382,0,1.5
2.0,1.0,95.0,2,0.0,-1,1,0,1,0,0,2,1,1,2,6.0,1.91,152.0,217.37796,179,0,1.5
2.0,2.0,96.0,0,58.0,1,0,2,0,0,0,1,2,0,1,16.0,3.91,97.0,215.25902,383,1,1.0
1.0,1.0,46.0,0,0.0,-1,0,0,0,0,0,2,1,1,2,6.0,2.5,58.72999954223633,227.02029,1543,0,1.5
2.0,2.0,130.0,1,66.0,-1,0,0,0,1,0,1,2,1,2,6.0,2.54,193.82000732421875,206.37084,592,0,1.5
1.0,1.0,91.0,1,38.0,2,1,1,0,0,0,1,1,0,2,46.0,1.66,52.8,155.24395,1277,1,1.0
1.0,1.0,28.0,0,66.0,1,0,2,0,1,0,1,2,1,1,16.0,2.29,28.0,202.40956,925,1,1.25
1.0,1.0,49.0,2,50.0,1,1,1,1,1,0,0,1,0,1,16.0,2.34,30.6,107.6489,882,1,0.5
3.0,2.0,143.0,2,32.0,1,0,0,0,1,1,2,1,0,0,16.0,4.53,232.0,342.18513,1105,1,0.75
1.0,1.0,36.0,1,54.0,0,0,0,0,1,0,1,0,2,1,14.0,1.84,56.0,60.4763,1137,1,1.0
2.0,3.0,108.0,0,0.0,1,0,2,1,1,0,0,1,0,2,16.0,2.24,106.0,339.70145,1026,1,0.75
2.0,2.0,134.0,1,43.0,-1,0,0,0,0,0,1,1,0,0,6.0,2.95,214.4,114.95402,1131,0,0.5
1.0,1.0,83.0,1,61.0,1,1,1,0,1,0,2,2,0,1,16.0,3.18,87.06999969482422,149.80814,331,1,1.25
3.0,3.0,102.0,2,43.0,-1,0,0,0,1,0,1,1,2,0,6.0,2.91,160.0,258.41631,443,0,1.0
4.0,1.0,145.0,2,45.0,-1,1,1,0,1,0,0,1,0,2,6.0,3.42,88.2,282.32557,595,0,0.75
1.0,1.0,87.0,0,0.0,-1,0,1,1,0,0,0,2,0,1,6.0,1.43,51.6,186.03936,424,0,0.75
1.0,2.0,83.0,1,38.0,0,0,0,0,0,0,1,1,1,1,14.0,2.65,196.5800018310547,141.41595,1015,1,1.0
3.0,1.0,104.0,2,0.0,1,0,1,1,1,0,2,1,1,2,16.0,2.58,63.0,172.1346,1454,1,1.5
4.0,3.0,141.0,2,47.0,-1,0,0,1,1,0,2,2,1,1,6.0,4.61,230.4,299.86176,418,0,1.5
1.0,1.0,47.0,2,0.0,-1,0,0,1,0,0,1,2,1,0,6.0,4.81,76.8,2706.4684,426,0,1.0
2.0,1.0,64.0,0,69.0,0,0,1,0,1,0,1,1,2,2,14.0,2.34,106.27999877929688,324.69779,552,1,1.5
1.0,1.0,77.0,2,39.0,1,0,1,0,1,0,1,2,2,1,16.0,3.66,214.7899932861328,235.67158,1572,1,1.5
2.0,1.0,69.0,2,44.0,-1,0,2,0,1,0,1,0,2,2,6.0,2.14,113.66999816894531,127.65216,268,0,1.25
1.0,1.0,47.0,0,40.0,-1,0,1,1,0,0,1,2,2,1,6.0,2.42,134.27000427246094,119.14781,428,0,1.5
2.0,1.0,98.0,2,43.0,-1,0,0,0,0,0,1,1,2,1,6.0,4.3,156.8,257.16476,274,0,1.25
2.0,5.0,138.0,0,47.0,-1,1,1,0,1,0,1,1,1,0,6.0,2.55,83.4,257.40436,177,0,0.75
1.0,1.0,61.0,0,0.0,1,0,0,1,0,0,1,0,0,1,16.0,3.65,73.98999786376953,220.08495,1223,1,0.5
2.0,2.0,88.0,2,58.0,-1,0,0,1,1,0,1,1,2,2,6.0,1.28,7622.0,198.11572,570,0,1.5
1.0,1.0,83.0,1,65.0,-1,0,2,0,1,0,1,0,1,1,14.0,2.2,83.0,141.99963,1007,0,0.75
1.0,1.0,30.0,0,0.0,-1,0,2,0,0,0,0,1,1,1,6.0,3.03,103.81999969482422,61.91122,632,0,0.75
1.0,2.0,86.0,2,24.0,-1,0,1,1,0,0,0,0,1,2,6.0,2.14,52.2,146.47819,1202,0,0.75
2.0,2.0,106.0,2,63.0,-1,1,1,0,1,0,0,2,2,2,6.0,3.81,63.0,149.38014,286,0,1.5
3.0,3.0,149.0,1,50.0,2,0,2,0,0,0,0,1,2,0,46.0,2.23,131.39999389648438,162.61883,446,1,0.75
2.0,2.0,102.0,0,0.0,-1,0,2,0,1,0,0,1,1,2,16.0,1.38,103.0999984741211,263.51077,220,0,1.0
1.0,2.0,61.0,0,52.0,2,0,1,1,1,0,1,1,1,1,46.0,3.04,36.6,357.01552,937,1,1.0
1.0,2.0,143.0,1,10.0,1,1,0,1,1,0,2,2,1,1,16.0,4.14,105.05999755859375,256.29449,563,1,1.5
2.0,3.0,124.0,0,37.0,-1,0,1,0,1,0,2,0,1,2,14.0,4.52,75.0,273.71422,351,0,1.25
1.0,1.0,46.0,0,47.0,-1,0,2,0,1,0,2,1,2,2,16.0,2.39,44.0,340.31024,129,0,1.75
1.0,1.0,57.0,0,44.0,-1,0,0,1,1,0,1,1,1,1,6.0,4.02,89.6,254.1963,624,0,1.0
2.0,1.0,95.0,1,36.0,-1,0,0,0,1,0,1,0,1,1,6.0,3.33,195.8699951171875,142.68712,90,0,0.75
1.0,1.0,51.0,2,54.0,-1,0,0,0,1,0,1,1,1,2,6.0,1.71,84.8,206.90493,1543,0,1.25
2.0,2.0,134.0,1,0.0,0,1,1,0,0,0,0,0,1,0,14.0,2.43,80.4,99.4823,1599,1,0.25
1.0,2.0,88.0,1,50.0,-1,0,1,0,1,0,1,0,1,1,16.0,2.71,52.8,79.88437,1578,0,0.75
1.0,1.0,37.0,0,51.0,-1,0,1,1,0,0,2,2,2,0,6.0,2.38,21.0,166.2655,290,0,1.5
1.0,1.0,67.0,1,65.0,-1,0,1,1,1,0,2,1,1,0,14.0,2.35,646.47998046875,111.06263,98,0,1.0
5.0,1.0,146.0,1,55.0,-1,0,1,1,1,0,1,0,1,1,6.0,2.29,646.0999755859375,166.36268,1418,0,0.75
2.0,2.0,90.0,1,17.0,0,1,0,0,1,0,0,2,1,2,14.0,1.25,88.87000274658203,188.05449,811,1,1.25
2.0,2.0,151.0,0,14.0,-1,0,2,0,1,0,0,1,0,1,6.0,2.31,149.0,354.3532,1277,0,0.5
1.0,1.0,28.0,0,62.0,-1,0,1,0,1,0,2,2,2,1,46.0,2.07,106.95999908447266,401.65777,301,0,1.75
4.0,5.0,143.0,1,45.0,-1,0,2,1,0,0,0,1,2,1,6.0,1.66,144.0,125.64009,192,0,1.0
1.0,2.0,120.0,1,42.0,-1,0,0,0,0,0,1,2,1,1,6.0,2.96,193.6,156.90169,1201,0,1.25
2.0,2.0,61.0,2,67.0,-1,0,0,1,1,0,0,1,2,1,6.0,1.65,99.2,132.4717,1539,0,1.0
1.0,2.0,61.0,1,0.0,-1,0,2,0,1,0,1,1,1,0,6.0,2.37,60.0,55.07227,890,0,0.75
1.0,1.0,96.0,0,63.0,-1,0,0,1,0,0,1,0,1,2,16.0,1.85,73.9800033569336,257.99568,609,0,1.0
1.0,2.0,94.0,0,30.0,-1,1,2,0,1,0,1,1,1,1,6.0,1.8,47.63999938964844,205.17058,898,0,1.0
1.0,1.0,83.0,2,63.0,-1,0,1,1,1,0,1,1,0,1,46.0,1.7,49.8,323.33082,445,0,0.75
1.0,1.0,86.0,0,52.0,-1,1,1,0,1,0,0,0,0,1,6.0,3.4,46.65999984741211,277.9167,559,0,0.25
2.0,1.0,88.0,0,0.0,-1,1,1,0,0,0,0,2,0,2,6.0,2.5,46.650001525878906,132.00758,88,0,1.0
1.0,1.0,42.0,1,0.0,0,0,1,1,0,0,1,1,0,1,14.0,3.79,646.5999755859375,90.54936,1530,1,0.75
1.0,1.0,20.0,2,45.0,-1,0,0,0,1,0,1,1,2,1,16.0,3.85,352.010009765625,158.23189,440,0,1.25
1.0,1.0,55.0,2,0.0,-1,0,1,1,0,0,2,0,0,1,6.0,2.94,538.3200073242188,62.24981,695,0,0.75
1.0,1.0,82.0,0,50.0,1,1,2,1,1,0,1,2,0,1,16.0,2.83,80.0,364.93799,1403,1,1.0
1.0,2.0,121.0,1,67.0,-1,0,1,0,1,0,1,1,1,2,14.0,3.01,305.2799987792969,133.82188,675,0,1.25
2.0,2.0,132.0,2,0.0,-1,0,2,0,0,0,1,2,2,0,6.0,1.63,112.69000244140625,164.47945,103,0,1.25
2.0,5.0,142.0,2,46.0,-1,1,2,1,0,0,2,2,0,2,6.0,1.69,141.0,299.01165,124,0,1.5
2.0,2.0,70.0,2,46.0,-1,0,1,0,1,0,0,0,1,0,6.0,3.34,215.0800018310547,192.13082,746,0,0.25
4.0,3.0,130.0,1,66.0,-1,0,0,0,1,0,2,2,0,2,6.0,2.57,209.6,207.46709,1341,0,1.5
1.0,1.0,55.0,2,56.0,0,0,1,1,1,0,2,1,1,1,14.0,1.58,538.3200073242188,162.14175,1392,1,1.25
1.0,1.0,49.0,1,63.0,-1,1,2,0,1,0,1,2,0,1,14.0,2.53,55.40999984741211,118.94339,1333,0,1.0
1.0,1.0,75.0,1,54.0,-1,0,2,0,1,0,2,0,1,1,6.0,2.42,132.49000549316406,68.22623,1124,0,1.0
1.0,1.0,67.0,2,48.0,-1,0,0,0,1,0,1,1,1,0,6.0,1.52,105.6,236.47554,218,0,0.75
2.0,3.0,111.0,1,43.0,-1,0,0,0,1,0,1,1,2,1,46.0,2.58,179.2,258.63502,604,0,1.25
2.0,2.0,83.0,0,0.0,1,0,1,1,1,0,2,2,2,1,16.0,1.14,134.25,393.80277,168,1,1.75
1.0,2.0,129.0,2,54.0,-1,0,1,0,0,0,0,1,1,2,6.0,1.07,76.8,131.19271,257,0,1.0
1.0,1.0,20.0,1,68.0,0,0,1,1,1,0,2,2,0,1,14.0,1.54,646.7100219726562,115.71475,291,1,1.25
1.0,3.0,111.0,2,39.0,-1,0,1,0,1,0,0,0,1,1,6.0,3.17,66.6,235.31797,930,0,0.5
1.0,1.0,26.0,2,52.0,-1,0,1,0,0,0,1,1,1,0,6.0,3.35,216.89999389648438,126.47319,900,0,0.75
1.0,1.0,97.0,1,18.0,-1,0,2,0,1,0,1,1,1,2,6.0,2.11,132.1699981689453,89.34756,1605,0,1.25
1.0,1.0,61.0,0,50.0,-1,0,2,0,0,0,1,2,2,0,6.0,3.71,59.0,117.13648,1414,0,1.25
1.0,2.0,139.0,0,37.0,-1,0,2,1,1,0,2,2,1,0,6.0,2.45,140.0,449.08449,761,0,1.25
2.0,3.0,102.0,1,24.0,-1,0,2,0,1,0,2,0,1,1,6.0,3.12,132.08999633789062,135.0304,365,0,1.0
2.0,2.0,95.0,2,38.0,-1,1,0,0,0,0,1,2,2,0,6.0,1.88,154.9499969482422,167.73093,156,0,1.25
2.0,1.0,64.0,0,0.0,-1,0,0,1,1,0,0,1,2,0,6.0,1.68,73.98999786376953,183.00111,1291,0,0.75
3.0,2.0,140.0,2,0.0,1,0,2,1,1,0,0,1,1,1,16.0,2.61,5808.0,324.3867,1405,1,0.75
1.0,1.0,97.0,2,43.0,-1,1,1,0,1,0,1,1,1,1,6.0,3.4,92.87000274658203,129.50189,176,0,1.0
1.0,1.0,78.0,2,24.0,-1,0,1,1,0,0,1,1,1,0,6.0,1.27,46.2,136.08288,1053,0,0.75
1.0,1.0,60.0,1,69.0,-1,0,2,0,1,0,1,1,0,0,6.0,1.6,132.7100067138672,48.90793,873,0,0.5
1.0,1.0,58.0,0,35.0,-1,0,0,0,1,0,0,0,1,2,6.0,1.45,58.599998474121094,316.54506,207,0,0.75
2.0,3.0,126.0,1,64.0,1,0,0,1,1,0,2,0,2,2,16.0,2.1,203.2,171.87381,621,1,1.5
5.0,2.0,147.0,2,52.0,-1,0,1,0,1,0,2,2,0,1,16.0,3.46,87.6,4414.602,1540,0,1.25
1.0,1.0,53.0,1,58.0,0,0,0,0,1,0,1,1,0,2,14.0,2.3,198.3699951171875,110.70012,441,1,1.0
1.0,1.0,41.0,2,70.0,-1,1,1,0,1,0,2,0,1,1,6.0,3.15,93.58999633789062,173.23775,308,0,1.0
2.0,1.0,71.0,2,13.0,-1,1,1,1,0,0,0,1,1,1,6.0,2.85,137.0399932861328,146.63691,204,0,0.75
2.0,2.0,90.0,0,20.0,-1,0,0,1,1,0,1,0,1,2,6.0,2.72,145.6,432.61927,345,0,1.0
1.0,1.0,93.0,1,24.0,2,0,0,0,1,0,2,1,0,1,46.0,1.75,195.97999572753906,3281.9426,1082,1,1.0
1.0,2.0,98.0,0,0.0,-1,0,2,0,0,0,0,2,2,1,6.0,3.39,103.13999938964844,221.86337,1549,0,1.25
1.0,1.0,59.0,2,57.0,-1,0,2,0,0,0,1,1,1,0,16.0,4.2,113.81999969482422,101.6956,724,0,0.75
1.0,1.0,119.0,0,56.0,1,0,2,0,1,0,0,1,1,1,16.0,3.02,119.0,420.41889,901,1,0.75
1.0,1.0,24.0,0,42.0,-1,0,2,1,1,0,0,0,1,2,6.0,2.98,25.0,164.34199,1151,0,0.75
1.0,1.0,76.0,1,44.0,1,0,0,0,1,0,2,1,1,1,16.0,4.14,123.2,111.35587,625,1,1.25
2.0,3.0,122.0,0,47.0,-1,0,1,0,1,0,1,1,2,1,6.0,2.93,71.4,357.69749,1275,0,1.25
2.0,4.0,137.0,2,57.0,-1,0,0,1,1,0,1,0,1,2,6.0,3.02,1150.260009765625,6177.448399999999,1289,0,1.0
1.0,2.0,116.0,1,33.0,-1,0,0,0,1,0,1,2,1,2,16.0,2.77,185.6,182.82843,875,0,1.5
1.0,1.0,43.0,0,0.0,1,0,2,0,1,0,1,2,2,1,16.0,2.39,103.69000244140625,281.32158,1588,1,1.5
2.0,1.0,144.0,1,25.0,-1,0,2,0,0,0,2,1,1,1,6.0,3.48,131.47000122070312,100.83972,1619,0,1.25
3.0,1.0,107.0,0,48.0,2,0,2,0,1,0,1,2,1,1,46.0,2.34,107.0,479.60332,369,1,1.25
1.0,2.0,65.0,0,15.0,0,1,2,0,1,0,0,2,1,1,14.0,3.0,65.0,207.32179,99,1,1.0
1.0,1.0,55.0,1,67.0,-1,0,1,1,1,0,1,1,1,2,6.0,1.83,646.5399780273438,91.65324,114,0,1.25
1.0,1.0,22.0,0,57.0,-1,0,1,0,1,0,2,0,2,0,6.0,3.19,13.2,141.84538,820,0,1.0
2.0,2.0,120.0,1,0.0,-1,1,2,0,1,0,1,2,1,2,6.0,1.49,54.97999954223633,2138.0926,1192,0,1.5
1.0,1.0,40.0,1,57.0,-1,0,2,1,0,0,1,1,0,1,6.0,1.35,295.510009765625,41.37351,432,0,0.75
1.0,4.0,145.0,0,3.0,-1,0,2,0,1,0,2,1,1,1,6.0,2.56,145.0,486.07042,188,0,1.25
1.0,1.0,49.0,1,0.0,-1,0,1,0,1,0,1,1,2,1,6.0,1.31,29.4,42.95066,1306,0,1.25
3.0,4.0,148.0,2,14.0,-1,0,2,0,1,0,1,1,1,1,6.0,1.5,112.44999694824219,275.77505,1299,0,1.0
2.0,2.0,122.0,1,45.0,-1,1,0,0,1,0,1,0,0,0,16.0,2.38,88.45999908447266,172.52638,532,0,0.25
2.0,2.0,119.0,2,42.0,-1,0,1,0,0,0,2,1,2,1,16.0,2.21,213.07000732421875,156.40266,1242,0,1.5
1.0,1.0,39.0,0,64.0,-1,1,0,1,0,0,1,1,1,1,6.0,1.66,60.8,232.50046,768,0,1.0
1.0,1.0,118.0,0,0.0,-1,0,1,1,0,0,1,1,1,1,16.0,1.3,70.2,261.09034,838,0,1.0
2.0,3.0,109.0,2,38.0,-1,0,2,0,1,0,2,1,0,1,6.0,2.3,108.0,176.28976,452,0,1.0
1.0,2.0,91.0,2,0.0,-1,0,2,0,1,0,2,0,0,1,6.0,2.09,91.0,232.83473,633,0,0.75
4.0,2.0,133.0,1,65.0,1,0,0,0,1,0,1,2,1,1,16.0,3.06,212.8,197.74485,1028,1,1.25
3.0,2.0,125.0,0,0.0,2,0,0,0,1,0,1,0,2,1,46.0,2.58,57.880001068115234,417.38406,1541,1,1.0
1.0,1.0,57.0,2,0.0,1,0,0,0,0,0,1,1,2,0,16.0,2.75,348.6600036621094,152.4031,1032,1,1.0
1.0,1.0,66.0,2,0.0,-1,0,1,0,0,0,1,1,1,1,16.0,2.57,39.6,95.72486,1228,0,1.0
3.0,1.0,109.0,1,56.0,-1,0,1,0,0,0,1,2,0,1,6.0,2.0,305.9599914550781,67.77262,1141,0,1.0
2.0,1.0,80.0,0,43.0,-1,0,1,1,1,0,2,0,1,1,6.0,1.75,134.25,316.28369,837,0,1.0
1.0,5.0,148.0,1,26.0,0,0,1,1,1,0,2,1,0,2,14.0,2.81,646.0900268554688,176.04793,212,1,1.25
2.0,2.0,129.0,2,0.0,1,0,2,1,1,0,1,0,1,2,16.0,1.71,274.010009765625,263.48257,1283,1,1.0
2.0,4.0,134.0,2,35.0,1,0,0,1,1,0,1,2,1,1,16.0,1.97,1150.3199462890625,413.91325,420,1,1.25
1.0,1.0,46.0,2,0.0,-1,1,2,0,1,0,2,2,1,1,6.0,4.54,45.0,131.35081,856,0,1.5
1.0,1.0,44.0,1,37.0,-1,0,2,1,0,0,1,2,2,1,6.0,2.36,45.0,56.12531,491,0,1.5
1.0,1.0,36.0,0,59.0,1,0,2,1,1,0,0,1,1,1,16.0,4.26,173.6999969482422,210.18379,1465,1,0.75
1.0,1.0,89.0,0,47.0,-1,0,2,0,1,0,1,0,2,1,14.0,2.37,103.2300033569336,369.94703,355,0,1.0
1.0,1.0,33.0,0,40.0,-1,0,2,0,0,0,1,1,2,1,6.0,1.39,32.0,199.22281,1536,0,1.25
2.0,2.0,69.0,2,36.0,-1,1,1,0,1,0,1,1,1,1,6.0,1.3,41.4,109.66716,469,0,1.0
1.0,1.0,66.0,2,62.0,-1,1,0,1,1,0,0,2,2,2,6.0,3.89,107.2,157.02726,172,0,1.5
1.0,1.0,35.0,0,52.0,-1,0,1,0,1,0,1,1,1,1,6.0,2.52,20.4,85.22168,1113,0,1.0
2.0,5.0,144.0,0,43.0,-1,0,1,1,0,0,2,1,0,2,6.0,1.44,134.2100067138672,290.83335,1201,0,1.25
3.0,3.0,112.0,0,40.0,2,0,1,1,1,0,2,1,1,0,46.0,1.85,68.4,381.84218,738,1,1.0
1.0,1.0,83.0,1,48.0,-1,0,0,1,1,0,2,2,1,1,14.0,3.25,134.4,187.1327,407,0,1.5
2.0,1.0,110.0,1,36.0,-1,0,2,0,0,0,2,2,0,0,6.0,3.6,111.0,105.38268,1335,0,1.0
1.0,1.0,21.0,1,0.0,2,0,0,1,0,0,1,1,2,1,46.0,2.13,369.9200134277344,117.24256,216,1,1.25
2.0,2.0,85.0,0,37.0,-1,0,0,0,1,0,1,1,2,2,6.0,1.27,134.4,329.98131,580,0,1.5
1.0,1.0,59.0,0,33.0,-1,0,1,0,1,0,2,1,1,1,6.0,2.07,106.37000274658203,134.87541,707,0,1.25
1.0,1.0,31.0,0,69.0,1,0,1,1,1,0,2,2,1,1,16.0,3.02,134.27999877929688,215.26759,1286,1,1.5
1.0,2.0,106.0,2,25.0,-1,0,2,1,0,0,2,1,0,0,6.0,2.45,106.0,215.97648,1582,0,0.75
1.0,1.0,8457.0,2,66.0,-1,0,0,1,1,0,1,1,2,1,16.0,2.52,182.4499969482422,259.88653,996,0,1.25
1.0,1.0,27.0,0,50.0,-1,0,0,1,1,0,1,2,0,2,16.0,2.73,46.4,329.06989,103,0,1.25
1.0,1.0,50.0,2,20.0,-1,0,1,0,1,0,2,1,1,2,6.0,2.65,215.91000366210938,192.68739,1267,0,1.5
1.0,1.0,45.0,2,42.0,-1,0,2,0,0,0,2,1,0,1,6.0,2.15,44.0,73.01597,306,0,1.0
1.0,1.0,40.0,2,59.0,-1,0,1,1,1,0,1,1,2,1,6.0,4.68,24.0,85.6927,238,0,1.25
1.0,1.0,54.0,2,46.0,-1,0,0,1,1,0,2,1,1,2,6.0,2.2,86.4,240.31304,721,0,1.5
1.0,3.0,120.0,2,36.0,-1,1,2,0,0,0,0,2,1,1,6.0,3.26,56.02000045776367,189.09294,1149,0,1.0
2.0,1.0,60.0,1,0.0,-1,0,2,0,0,0,1,1,1,1,6.0,2.24,132.7100067138672,48.49086,1507,0,1.0
2.0,1.0,81.0,0,0.0,-1,1,2,1,1,0,2,1,1,0,6.0,3.05,82.0,326.95781,1095,0,1.0
1.0,1.0,56.0,0,42.0,-1,0,1,0,1,0,1,1,2,0,6.0,3.31,106.43000030517578,268.41264,529,0,1.0
1.0,1.0,81.0,1,0.0,-1,0,2,0,1,0,1,1,0,2,6.0,1.71,83.0,96.35935,1619,0,1.0
1.0,2.0,146.0,2,27.0,-1,0,0,0,1,0,1,1,1,2,6.0,2.65,340.7200012207031,378.09316,996,0,1.25
1.0,1.0,46.0,2,48.0,-1,0,2,1,1,0,2,1,0,2,6.0,1.56,46.0,207.05593,674,0,1.25
1.0,3.0,116.0,2,39.0,-1,0,0,1,0,0,2,2,1,0,6.0,1.36,1150.6800537109375,194.77499,877,0,1.25
1.0,1.0,52.0,1,63.0,-1,0,1,1,1,0,1,0,1,1,6.0,1.71,646.5599975585938,48.71951,964,0,0.75
1.0,1.0,58.0,0,0.0,-1,0,0,0,1,0,1,2,1,2,6.0,4.37,92.8,302.38519,1329,0,1.5
2.0,1.0,78.0,0,0.0,0,0,0,1,0,0,2,2,2,1,14.0,1.41,124.8,231.679,468,1,1.75
1.0,1.0,44.0,2,39.0,1,1,0,1,1,0,2,0,2,0,16.0,1.52,210.6699981689453,182.52735,1585,1,1.0
1.0,1.0,50.0,0,51.0,-1,0,2,0,1,0,2,0,0,1,6.0,4.15,103.62000274658203,175.91141,1608,0,0.75
1.0,1.0,21.0,0,58.0,-1,0,2,0,1,0,2,1,1,0,6.0,4.71,22.0,227.44803,351,0,1.0
2.0,1.0,103.0,2,54.0,-1,0,0,0,1,0,1,0,0,1,6.0,3.83,163.2,217.5162,1401,0,0.5
2.0,1.0,105.0,2,64.0,-1,1,2,0,1,0,1,1,2,2,6.0,3.32,104.0,166.85527,825,0,1.5
2.0,2.0,124.0,2,59.0,-1,0,1,0,1,0,2,2,2,1,6.0,4.42,74.4,164.2854,1212,0,1.75
1.0,0.0,7644.0,1,55.0,1,0,1,1,0,0,2,1,2,1,16.0,1.35,201.97000122070312,91.90176,1157,1,1.5
2.0,1.0,86.0,0,55.0,0,1,1,0,1,0,1,1,1,1,14.0,1.25,52.2,256.16868,1088,1,1.0
1.0,2.0,122.0,2,62.0,1,0,1,0,1,0,1,1,1,2,16.0,3.7,73.2,177.93653,915,1,1.25
1.0,1.0,41.0,1,0.0,2,0,0,1,1,0,1,1,2,1,46.0,2.64,65.6,120.46112,1090,1,1.25
1.0,1.0,27.0,0,57.0,2,0,2,0,1,0,0,0,2,1,46.0,2.16,26.0,281.75213,1241,1,0.75
1.0,1.0,29.0,1,31.0,-1,0,0,0,0,0,1,1,1,2,6.0,2.58,44.8,41.50118,1051,0,1.25
1.0,1.0,43.0,2,63.0,-1,1,2,1,1,0,1,2,2,2,6.0,1.23,82.58000183105469,152.01113,1243,0,1.75
2.0,2.0,72.0,0,68.0,2,0,0,1,1,0,1,1,1,0,46.0,3.48,115.2,416.7227,1055,1,0.75
5.0,5.0,137.0,2,55.0,-1,0,2,0,1,0,1,0,0,2,6.0,3.43,138.0,270.10077,802,0,0.75
1.0,1.0,7336.0,2,0.0,2,0,1,0,0,0,1,0,2,2,46.0,3.88,52.959999084472656,251.30526,889,1,1.25
1.0,1.0,53.0,2,0.0,-1,0,1,1,1,0,1,1,1,0,6.0,2.08,32.4,124.47299,1546,0,0.75
1.0,1.0,67.0,2,57.0,-1,0,2,0,0,0,1,1,2,1,6.0,3.22,113.69999694824219,179.48507,795,0,1.25
1.0,1.0,20.0,1,51.0,2,0,0,1,1,0,2,1,0,2,46.0,2.01,32.0,103.67234,1466,1,1.25
1.0,2.0,98.0,1,53.0,-1,0,0,0,1,0,1,0,0,2,16.0,1.01,156.8,118.38902,1338,0,0.75
5.0,1.0,145.0,2,0.0,1,0,0,0,1,0,0,0,1,1,16.0,2.61,232.0,338.96564,382,1,0.5
1.0,2.0,145.0,1,24.0,2,1,0,0,1,0,2,0,1,0,46.0,3.62,230.4,285.70427,215,1,0.75
2.0,3.0,117.0,1,54.0,-1,0,2,1,1,0,2,2,1,1,6.0,1.9,117.0,114.88477,1451,0,1.5
4.0,2.0,129.0,0,64.0,-1,0,1,0,1,0,1,0,0,0,6.0,1.7,105.05999755859375,366.06377,173,0,0.25
1.0,1.0,26.0,2,0.0,-1,0,0,1,1,0,1,2,0,2,6.0,3.39,40.0,129.72281,596,0,1.25
1.0,1.0,30.0,1,3.0,-1,0,0,0,1,0,2,1,1,2,6.0,2.94,49.6,61.28632,887,0,1.5
3.0,1.0,134.0,1,49.0,-1,0,2,0,1,0,0,0,1,1,6.0,3.1,134.0,113.12582,323,0,0.5
1.0,1.0,20.0,2,42.0,-1,0,0,1,0,0,0,0,2,1,16.0,1.12,1152.52001953125,173.62971,443,0,0.75
1.0,1.0,27.0,0,34.0,0,0,2,0,1,0,1,2,2,2,14.0,4.03,103.8499984741211,149.99121,451,1,1.75
2.0,3.0,115.0,2,71.0,-1,1,1,1,1,0,2,1,1,1,6.0,2.95,136.6300048828125,204.20415,1509,0,1.25
5.0,1.0,147.0,2,27.0,1,0,2,0,1,0,0,0,1,0,16.0,1.3,146.0,336.6885,891,1,0.25
5.0,1.0,144.0,0,0.0,-1,0,1,0,1,0,1,1,0,1,6.0,2.53,87.0,286.85049,1596,0,0.75
1.0,1.0,95.0,2,37.0,-1,0,1,0,1,0,0,0,2,1,16.0,1.36,56.4,149.28673,1307,0,0.75
1.0,1.0,24.0,2,36.0,-1,0,2,1,1,0,0,1,2,2,6.0,2.55,274.5899963378906,175.9338,1277,0,1.25
3.0,3.0,125.0,1,52.0,-1,0,2,0,1,0,0,2,1,2,6.0,2.75,131.75,188.81029,127,0,1.25
1.0,1.0,59.0,2,50.0,-1,0,1,1,0,0,2,0,1,1,6.0,2.23,37.2,174.77886,636,0,1.0
1.0,1.0,41.0,1,0.0,-1,0,2,0,1,0,1,1,1,1,16.0,1.71,42.0,118.883,1284,0,1.0
2.0,2.0,70.0,2,51.0,-1,0,1,1,1,0,1,0,0,2,6.0,3.31,538.1099853515625,168.68387,186,0,0.75
1.0,3.0,101.0,1,34.0,1,0,0,1,0,0,1,1,2,1,16.0,2.68,369.5400085449219,165.18466,1594,1,1.25
1.0,1.0,96.0,2,0.0,-1,0,0,1,1,0,0,1,1,2,6.0,2.09,155.2,181.90686,566,0,1.0
2.0,2.0,86.0,1,62.0,-1,0,0,0,1,0,1,1,1,2,6.0,3.14,136.0,128.44666,1250,0,1.25
2.0,3.0,117.0,0,41.0,-1,0,2,0,1,0,1,1,2,1,6.0,1.02,116.0,260.6362,807,0,1.25
2.0,3.0,120.0,0,34.0,-1,0,1,0,1,0,1,0,1,2,6.0,3.0,72.0,378.64103,343,0,1.0
2.0,2.0,120.0,0,40.0,-1,0,1,0,1,0,2,0,1,0,6.0,2.37,71.4,213.97397,185,0,0.75
1.0,1.0,40.0,2,52.0,-1,0,0,0,1,0,2,0,2,2,6.0,1.6,350.20001220703125,159.09977,286,0,1.5
1.0,2.0,70.0,2,0.0,-1,1,2,0,1,0,1,1,0,2,6.0,1.65,69.0,201.0415,1298,0,1.0
1.0,1.0,47.0,2,36.0,-1,0,0,1,0,0,1,1,2,1,6.0,2.38,1152.06005859375,137.29978,1597,0,1.25
1.0,1.0,104.0,2,0.0,1,1,1,0,1,0,0,1,1,1,16.0,2.03,92.77999877929688,141.41593,1006,1,0.75
1.0,2.0,80.0,0,57.0,-1,0,2,1,1,0,1,1,1,2,6.0,3.03,173.74000549316406,353.83271,385,0,1.25
1.0,1.0,25.0,0,71.0,-1,0,2,1,0,0,0,1,0,1,6.0,2.85,173.69000244140625,189.49891,297,0,0.5
1.0,1.0,35.0,0,52.0,-1,0,2,1,1,0,1,1,2,2,46.0,2.73,173.6999969482422,425.90971,569,0,1.5
1.0,1.0,59.0,0,69.0,-1,0,2,0,1,0,1,1,1,1,6.0,1.04,57.0,206.81693,254,0,1.0
1.0,1.0,26.0,0,50.0,-1,0,1,0,0,0,0,2,1,1,6.0,2.52,15.6,66.73551,105,0,1.0
1.0,1.0,42.0,0,37.0,-1,0,1,0,0,0,2,1,1,1,6.0,3.54,25.8,160.08991,208,0,1.25
1.0,1.0,103.0,2,57.0,-1,0,0,1,1,0,1,2,1,0,16.0,4.6,1150.93994140625,233.37753,132,0,1.0
1.0,1.0,54.0,2,53.0,-1,0,1,1,1,0,0,2,0,1,6.0,1.38,538.3300170898438,135.81925,1058,0,0.75
1.0,2.0,118.0,0,52.0,-1,0,1,0,0,0,2,2,1,2,6.0,1.74,70.8,177.92361,1579,0,1.75
5.0,4.0,140.0,1,18.0,-1,0,1,1,1,0,1,2,1,2,16.0,2.36,84.6,179.91249,1081,0,1.5
3.0,2.0,120.0,0,67.0,-1,0,0,0,0,0,1,1,1,2,6.0,1.54,57.93000030517578,395.16137,344,0,1.25
1.0,1.0,102.0,0,0.0,2,0,0,1,0,0,1,2,1,2,46.0,3.39,161.6,367.64759,102,1,1.5
1.0,1.0,73.0,1,69.0,-1,0,2,0,0,0,1,1,0,2,6.0,1.09,132.52000427246094,80.46997,896,0,1.0
1.0,1.0,44.0,1,42.0,1,0,2,1,1,0,1,2,1,1,16.0,2.8,295.510009765625,75.54672,1247,1,1.25
2.0,1.0,132.0,1,27.0,-1,1,0,1,1,0,1,2,1,1,6.0,1.98,105.19999694824219,212.69941,1045,0,1.25
3.0,2.0,128.0,1,29.0,-1,0,1,0,0,0,2,2,1,2,6.0,2.02,76.8,91.6218,631,0,1.75
2.0,3.0,123.0,1,38.0,-1,0,1,1,1,0,2,2,2,1,6.0,1.2,646.2100219726562,114.44502,732,0,1.75
1.0,1.0,41.0,1,53.0,-1,1,0,1,1,0,0,2,1,0,6.0,2.96,106.37999725341797,59.27714,116,0,0.75
1.0,1.0,39.0,2,19.0,-1,0,0,0,1,0,2,2,0,1,6.0,3.07,60.8,158.6977,352,0,1.25
1.0,1.0,45.0,2,47.0,-1,1,0,1,1,0,2,1,1,2,6.0,1.87,210.64999389648438,177.63342,627,0,1.5
1.0,1.0,123.0,1,39.0,0,0,0,0,0,0,1,1,2,0,14.0,3.33,200.0,140.91121,1352,1,1.0
1.0,1.0,78.0,2,0.0,-1,0,0,0,1,0,2,1,2,1,6.0,3.3,123.2,186.75384,1517,0,1.5
1.0,2.0,87.0,1,61.0,1,0,1,1,0,0,2,2,2,0,16.0,1.46,646.3900146484375,138.39895,366,1,1.5
1.0,1.0,40.0,2,0.0,-1,0,1,0,1,0,1,1,1,1,14.0,2.82,216.32000732421875,185.83721,701,0,1.0
1.0,1.0,74.0,0,36.0,-1,0,2,0,1,0,0,2,0,0,6.0,4.66,103.37999725341797,304.53114,198,0,0.5
1.0,2.0,92.0,1,0.0,-1,0,0,0,1,0,2,2,1,0,6.0,3.41,196.0399932861328,101.59618,1150,0,1.25
1.0,1.0,75.0,0,0.0,1,0,0,1,1,0,1,2,1,2,16.0,2.11,118.4,345.47573,462,1,1.5
2.0,2.0,80.0,1,52.0,-1,0,0,0,0,0,1,1,1,2,6.0,4.14,196.75,86.32978,110,0,1.25
1.0,1.0,58.0,2,0.0,-1,0,0,0,1,0,1,1,2,1,6.0,1.93,94.4,211.80228,1191,0,1.25
2.0,2.0,94.0,2,67.0,-1,0,2,1,1,0,2,1,2,0,16.0,3.42,274.2099914550781,243.03653,741,0,1.25
1.0,1.0,33.0,0,70.0,-1,0,2,0,1,0,1,1,1,1,6.0,1.6,103.79000091552734,241.17348,399,0,1.0
2.0,2.0,138.0,1,52.0,-1,0,1,1,0,0,0,0,1,0,6.0,2.47,82.2,126.06172,1410,0,0.25
3.0,1.0,119.0,2,70.0,-1,0,0,0,1,0,1,0,1,0,6.0,1.64,343.1099853515625,244.05737,1184,0,0.5
1.0,1.0,100.0,2,48.0,-1,0,2,0,1,0,1,1,1,2,6.0,3.36,113.19000244140625,266.35565,218,0,1.25
1.0,1.0,99.0,2,53.0,-1,0,2,0,0,0,2,1,0,1,16.0,1.47,113.19999694824219,229.69162,823,0,1.0
1.0,1.0,59.0,1,23.0,1,0,0,0,0,0,0,1,2,1,16.0,2.86,198.00999450683594,74.68073,1457,1,1.0
1.0,2.0,91.0,2,58.0,-1,0,0,0,1,0,1,0,2,2,16.0,2.51,345.6099853515625,214.05056,344,0,1.25
3.0,3.0,133.0,0,52.0,-1,0,0,0,1,0,0,2,1,2,6.0,4.74,216.0,352.56597,1036,0,1.25
2.0,1.0,87.0,0,0.0,2,0,0,1,1,0,1,2,0,0,46.0,1.2,136.0,8597.678,1259,1,0.75
2.0,1.0,133.0,2,50.0,-1,0,2,0,0,0,0,1,2,1,6.0,1.01,112.68000030517578,198.63211,849,0,1.0
2.0,1.0,77.0,0,29.0,-1,0,2,0,0,0,2,1,2,1,16.0,1.74,103.3499984741211,270.93512,492,0,1.5
1.0,2.0,83.0,1,68.0,-1,1,2,0,0,0,0,0,2,1,6.0,2.62,83.0,56.91172,1561,0,0.75
1.0,1.0,25.0,0,39.0,-1,1,2,0,0,0,2,0,2,2,6.0,2.8,24.0,212.14669,342,0,1.5
1.0,2.0,93.0,2,49.0,-1,0,1,1,1,0,0,1,2,1,6.0,1.4,537.8099975585938,133.05612,991,0,1.0
2.0,2.0,76.0,0,0.0,-1,0,1,1,1,0,2,1,1,1,6.0,1.85,46.2,163.32306,879,0,1.25
1.0,1.0,57.0,0,35.0,1,1,1,0,1,0,1,2,1,1,16.0,1.52,34.8,176.95282,540,1,1.25
1.0,1.0,55.0,1,29.0,-1,0,0,1,0,0,1,2,1,0,6.0,3.95,86.4,94.23314,208,0,1.0
3.0,2.0,111.0,1,2.0,0,0,0,1,1,0,1,0,1,2,14.0,2.87,369.489990234375,177.11033,1384,1,1.0
3.0,1.0,122.0,1,51.0,-1,0,2,0,1,0,0,2,2,1,6.0,2.01,131.8000030517578,177.40216,494,0,1.25
3.0,1.0,108.0,1,65.0,-1,0,1,1,0,0,1,1,2,0,6.0,3.0,646.2899780273438,77.5376,87,0,1.0
1.0,1.0,57.0,2,35.0,-1,0,2,0,1,0,1,1,2,1,6.0,3.25,58.0,111.69816,285,0,1.25
1.0,1.0,93.0,2,44.0,-1,0,0,1,1,0,1,1,0,1,46.0,2.96,147.2,267.92421,1364,0,0.75
2.0,2.0,143.0,2,0.0,-1,0,0,1,1,0,2,1,0,0,6.0,2.31,232.0,344.03748,1360,0,0.75
2.0,2.0,115.0,2,41.0,-1,0,2,0,1,0,2,2,2,0,6.0,1.35,114.0,178.71534,1320,0,1.5
1.0,1.0,68.0,0,0.0,2,1,1,0,1,0,2,2,2,0,46.0,1.79,40.8,440.77934,321,1,1.5
1.0,2.0,150.0,1,48.0,-1,0,0,0,1,0,2,0,0,0,14.0,2.74,192.64999389648438,168.82725,286,0,0.5
4.0,1.0,136.0,0,25.0,1,1,1,0,0,0,2,1,1,1,16.0,2.12,46.38999938964844,356.37917,1247,1,1.25
1.0,1.0,36.0,0,60.0,1,1,1,0,1,0,0,1,2,2,16.0,3.1,21.6,137.6421,641,1,1.25
1.0,1.0,31.0,0,45.0,-1,0,0,0,1,0,2,1,1,1,6.0,2.94,49.6,194.63095,506,0,1.25
1.0,5.0,137.0,2,48.0,-1,0,1,0,1,0,0,1,1,2,6.0,3.15,81.6,228.76437,623,0,1.0
1.0,1.0,105.0,1,52.0,0,0,2,0,1,0,2,0,1,1,14.0,1.19,106.0,129.33894,1372,1,1.0
2.0,1.0,76.0,0,63.0,-1,1,0,1,1,0,0,1,1,1,6.0,2.16,120.0,220.56655,460,0,0.75
1.0,2.0,110.0,0,71.0,-1,0,1,0,1,0,2,0,1,1,16.0,3.29,105.41000366210938,234.84885,141,0,1.0
2.0,2.0,81.0,0,24.0,-1,0,0,0,1,0,0,1,2,0,6.0,1.57,129.6,378.74259,562,0,0.75
2.0,2.0,82.0,2,57.0,-1,0,0,1,1,0,1,0,2,2,16.0,3.31,1151.3599853515625,245.72987,1561,0,1.25
1.0,1.0,95.0,1,39.0,-1,0,2,0,0,0,2,1,1,2,6.0,2.38,94.0,76.53019,1274,0,1.5
1.0,1.0,38.0,2,51.0,-1,1,0,0,0,0,0,1,2,1,6.0,2.42,156.3699951171875,167.95248,194,0,1.0
1.0,2.0,105.0,2,46.0,-1,0,1,1,0,0,1,1,2,0,6.0,1.36,63.0,200.93416,1173,0,1.0
1.0,2.0,87.0,2,46.0,-1,0,0,0,0,0,0,1,1,0,6.0,4.2,136.0,213.13728,1048,0,0.5
1.0,1.0,23.0,1,46.0,1,0,0,0,1,0,2,1,2,2,16.0,2.97,200.1699981689453,68.85509,690,1,1.75
2.0,1.0,128.0,1,32.0,-1,1,1,1,0,0,2,2,0,0,6.0,3.65,104.33999633789062,113.59548,395,0,1.0
3.0,2.0,116.0,1,17.0,1,0,1,0,1,0,0,1,1,0,16.0,3.47,69.6,170.72355,671,1,0.5
1.0,1.0,118.0,0,56.0,0,0,1,1,1,0,2,1,1,0,14.0,1.92,134.22999572753906,228.78711,1251,1,1.0
3.0,3.0,111.0,1,58.0,2,0,1,0,1,0,0,1,1,2,46.0,1.65,66.6,150.25164,938,1,1.0
1.0,1.0,28.0,0,42.0,-1,0,0,1,0,0,1,1,2,1,6.0,3.21,44.8,161.61702,1310,0,1.25
3.0,2.0,129.0,0,0.0,1,0,0,0,1,0,1,1,2,1,16.0,2.05,57.84000015258789,441.43649,882,1,1.25
2.0,2.0,7503.0,1,35.0,2,1,0,1,1,0,2,1,1,0,46.0,3.62,102.4,175.20059,1470,1,1.0
2.0,1.0,76.0,1,16.0,-1,0,1,1,1,0,1,1,0,1,6.0,1.84,646.4400024414062,106.83063,557,0,0.75
1.0,1.0,77.0,0,0.0,-1,0,1,0,1,0,2,1,1,0,6.0,2.48,106.02999877929688,2728.8626,683,0,1.0
3.0,1.0,100.0,0,51.0,-1,1,1,0,1,0,1,2,0,0,6.0,3.65,61.2,241.55006,1354,0,0.75
1.0,1.0,68.0,0,44.0,-1,0,1,0,1,0,1,1,1,1,6.0,1.54,106.19999694824219,281.054,584,0,1.0
1.0,1.0,25.0,0,59.0,-1,0,0,0,1,0,2,1,1,2,6.0,2.71,58.959999084472656,180.73478,812,0,1.5
2.0,2.0,94.0,0,57.0,-1,0,2,1,1,0,0,1,2,1,6.0,1.8,93.0,285.25334,1108,0,1.0
1.0,1.0,45.0,0,53.0,-1,0,2,0,1,0,2,1,0,0,6.0,2.97,46.0,111.84633,428,0,0.75
3.0,2.0,113.0,2,19.0,-1,0,1,1,0,0,1,1,1,2,6.0,3.42,67.2,149.87726,284,0,1.25
1.0,2.0,89.0,1,59.0,-1,0,2,0,0,0,2,1,2,1,6.0,1.4,132.27999877929688,120.2685,1354,0,1.5
2.0,1.0,69.0,2,37.0,2,0,1,0,0,0,0,1,1,1,46.0,2.69,215.1199951171875,167.58911,686,1,0.75
1.0,1.0,55.0,2,62.0,-1,0,2,0,0,0,2,2,1,1,6.0,2.62,113.87999725341797,168.8283,1014,0,1.5
1.0,1.0,37.0,2,33.0,0,0,1,0,1,0,0,0,2,1,14.0,1.34,216.4499969482422,87.24781,244,1,0.75
1.0,1.0,42.0,0,45.0,0,0,0,0,1,0,0,1,1,1,14.0,3.27,65.6,5911.5274,845,1,0.75
2.0,1.0,112.0,1,24.0,-1,0,0,1,0,0,1,1,1,2,6.0,2.16,369.489990234375,171.46803,88,0,1.25
3.0,1.0,112.0,2,23.0,-1,0,1,0,1,0,0,0,2,2,6.0,2.31,66.0,248.17958,1037,0,1.0
1.0,1.0,50.0,1,71.0,-1,0,1,0,1,0,0,1,0,2,6.0,2.76,30.6,73.09508,339,0,0.75
2.0,1.0,87.0,2,23.0,-1,0,0,0,1,0,2,1,0,1,6.0,3.22,345.9700012207031,217.45449,1186,0,1.0
2.0,2.0,62.0,0,40.0,-1,0,0,0,1,0,1,0,0,0,16.0,2.49,99.2,215.92375,256,0,0.25
1.0,1.0,49.0,1,47.0,1,0,2,1,1,0,2,2,0,1,16.0,3.6,50.0,148.58622,291,1,1.25
1.0,1.0,66.0,1,0.0,-1,0,1,0,1,0,0,2,1,1,6.0,3.63,308.3699951171875,108.4708,1186,0,1.0
2.0,2.0,89.0,2,60.0,-1,0,0,0,1,0,2,1,1,2,6.0,2.11,142.4,296.13536,198,0,1.5
2.0,1.0,111.0,0,58.0,-1,0,1,1,1,0,1,2,1,1,6.0,2.83,67.2,299.62257,825,0,1.25
2.0,2.0,128.0,1,38.0,0,0,0,0,0,0,1,1,1,2,14.0,2.66,193.92999267578125,137.88959,294,1,1.25
2.0,4.0,148.0,0,6.0,-1,0,2,0,0,0,2,1,2,1,6.0,1.7,149.0,269.37805,1625,0,1.5
2.0,2.0,144.0,2,49.0,-1,0,2,0,0,0,2,2,1,2,6.0,1.73,112.51000213623047,238.1056,667,0,1.75
2.0,3.0,149.0,1,27.0,1,1,1,0,1,0,1,2,2,0,16.0,3.06,88.8,126.39993,1617,1,1.25
1.0,1.0,52.0,0,58.0,1,0,0,1,1,0,1,1,0,0,16.0,2.38,80.0,255.80804,974,1,0.5
2.0,1.0,90.0,1,33.0,-1,1,2,1,1,0,0,2,1,2,6.0,3.55,91.0,158.05775,1127,0,1.25
1.0,1.0,47.0,2,45.0,1,0,0,0,1,0,1,1,0,1,16.0,3.62,72.0,172.38738,997,1,0.75
2.0,2.0,128.0,0,0.0,1,1,1,0,1,0,2,1,2,2,16.0,1.61,76.8,414.28911,935,1,1.75
1.0,3.0,133.0,1,49.0,0,0,1,1,1,0,0,2,1,2,14.0,4.26,78.0,156.55056,134,1,1.25
1.0,1.0,81.0,0,55.0,2,0,0,1,0,0,2,2,2,1,46.0,1.58,129.6,427.8054,1513,1,1.75
1.0,1.0,44.0,1,42.0,-1,0,1,1,1,0,2,1,0,1,16.0,2.18,27.0,66.78342,1428,0,1.0
1.0,1.0,87.0,2,69.0,-1,1,2,1,0,0,2,0,2,1,16.0,3.8,87.0,222.32066,1307,0,1.25
1.0,1.0,29.0,2,17.0,0,0,1,1,1,0,1,1,1,1,14.0,4.2,17.4,204.59202,679,1,1.0
3.0,1.0,133.0,0,53.0,0,0,0,0,1,0,0,0,2,1,14.0,2.57,212.8,512.12759,369,1,0.75
1.0,1.0,43.0,2,45.0,1,0,2,0,0,0,2,2,2,1,16.0,2.92,43.0,147.2703,1111,1,1.75
1.0,1.0,40.0,1,40.0,-1,1,0,1,1,0,1,2,2,0,16.0,2.68,60.8,83.36476,684,0,1.25
3.0,1.0,101.0,0,0.0,-1,1,1,0,1,0,1,1,1,2,6.0,2.42,61.2,186.01169,969,0,1.25
1.0,2.0,98.0,0,57.0,0,0,2,0,1,0,2,2,1,2,14.0,2.55,103.13999938964844,408.79793,473,1,1.75
1.0,1.0,25.0,2,42.0,-1,0,0,0,1,0,1,1,2,2,6.0,2.38,41.6,142.08871,86,0,1.5
2.0,1.0,81.0,0,16.0,-1,1,1,0,1,0,0,1,1,1,14.0,3.1,46.689998626708984,273.90897,606,0,0.75
1.0,1.0,30.0,0,59.0,-1,0,1,1,0,0,1,1,2,2,6.0,2.06,134.27999877929688,93.03821,875,0,1.5
4.0,5.0,143.0,2,43.0,-1,1,0,0,1,0,1,1,2,1,6.0,3.42,153.75999450683594,374.25012,1305,0,1.25
2.0,4.0,130.0,1,60.0,-1,0,0,1,1,0,0,1,0,0,16.0,3.73,369.3999938964844,227.95583,370,0,0.25
1.0,2.0,70.0,2,48.0,0,1,0,0,0,0,1,2,0,1,14.0,2.2,110.4,183.28112,243,1,1.0
1.0,2.0,60.0,1,64.0,2,0,0,0,1,0,1,2,0,2,46.0,3.6,97.6,204.95697,492,1,1.25
3.0,3.0,139.0,1,51.0,-1,0,1,0,1,0,2,1,1,1,6.0,3.57,304.2799987792969,171.29398,807,0,1.25
1.0,1.0,48.0,1,48.0,-1,0,0,1,1,0,1,1,2,0,6.0,1.55,369.7900085449219,135.02951,293,0,1.0
1.0,1.0,118.0,2,47.0,1,0,0,1,1,0,1,2,1,2,16.0,2.91,1150.6400146484375,296.38104,1489,1,1.5
1.0,1.0,35.0,2,53.0,0,1,0,1,1,0,2,1,0,1,14.0,1.37,210.89999389648438,171.5354,220,1,1.0
2.0,2.0,66.0,1,0.0,2,0,0,1,1,0,1,2,2,1,46.0,2.0,105.6,152.6429,786,1,1.5
1.0,1.0,5374.0,2,64.0,-1,0,0,0,1,0,1,1,1,1,6.0,1.63,84.8,161.22875,477,0,1.0
1.0,2.0,69.0,1,50.0,-1,0,1,0,1,0,2,1,1,0,6.0,3.07,41.4,91.34446,643,0,1.0
1.0,1.0,56.0,1,58.0,-1,0,0,1,1,0,2,1,1,1,6.0,2.47,88.0,73.86767,1418,0,1.25
2.0,2.0,103.0,1,0.0,1,0,0,0,0,0,1,1,1,2,16.0,1.87,195.39999389648438,135.91764,862,1,1.25
4.0,3.0,146.0,0,40.0,-1,0,1,1,1,0,0,1,0,2,6.0,3.89,134.2100067138672,420.10433,782,0,0.75
2.0,2.0,88.0,1,41.0,-1,0,2,0,0,0,2,1,2,0,6.0,2.86,88.0,105.10886,127,0,1.25
5.0,5.0,148.0,0,42.0,1,0,0,0,1,0,1,1,1,0,16.0,1.65,235.2,558.00263,1440,1,0.75
1.0,1.0,27.0,1,16.0,1,0,0,1,1,0,2,2,1,1,16.0,2.52,41.6,137.84253,1188,1,1.5
1.0,1.0,29.0,2,43.0,0,0,2,0,1,0,1,1,2,2,14.0,3.28,29.0,145.48298,1325,1,1.5
1.0,1.0,77.0,0,40.0,-1,0,1,0,1,0,2,2,0,2,6.0,3.23,46.8,298.24837,1308,0,1.5
1.0,2.0,120.0,1,31.0,-1,0,0,1,0,0,1,0,2,0,16.0,1.35,369.45001220703125,152.20193,937,0,0.75
2.0,1.0,81.0,2,39.0,1,0,0,0,1,0,1,1,1,2,16.0,3.02,129.6,186.62679,1480,1,1.25
1.0,3.0,99.0,1,57.0,-1,1,1,0,0,0,2,2,1,0,6.0,1.37,60.0,90.71279,1295,0,1.25
1.0,1.0,26.0,0,36.0,0,0,2,0,0,0,0,1,1,1,14.0,3.85,103.86000061035156,89.84735,1376,1,0.75
1.0,1.0,32.0,2,43.0,1,0,0,0,0,0,1,1,0,0,16.0,3.13,52.8,131.3601,281,1,0.5
1.0,2.0,67.0,1,30.0,-1,0,2,0,1,0,1,2,1,1,6.0,2.69,68.0,101.43005,1502,0,1.25
2.0,1.0,118.0,2,33.0,1,0,2,0,1,0,2,1,2,1,16.0,4.62,116.0,329.73993,253,1,1.5
2.0,2.0,92.0,2,33.0,-1,0,0,0,1,0,1,0,1,1,6.0,1.88,148.8,277.38795,1033,0,0.75
1.0,1.0,23.0,1,49.0,-1,0,0,1,0,0,1,2,0,0,6.0,4.41,369.9100036621094,92.13565,266,0,0.75
2.0,1.0,86.0,2,54.0,-1,0,2,0,0,0,1,2,2,1,6.0,3.07,87.0,161.41243,1085,0,1.5
1.0,1.0,47.0,1,46.0,-1,0,0,0,0,0,0,2,2,2,6.0,3.28,75.2,58.92995,284,0,1.5
1.0,2.0,71.0,2,36.0,-1,0,2,1,1,0,1,1,2,1,46.0,1.78,73.0,309.18281,122,0,1.25
1.0,1.0,39.0,0,29.0,-1,0,1,1,0,0,1,0,1,2,6.0,1.23,23.4,101.21863,499,0,1.0
1.0,1.0,47.0,0,0.0,-1,1,0,0,1,0,2,1,2,1,6.0,2.6,42.95000076293945,226.44758,354,0,1.5
3.0,3.0,135.0,0,50.0,-1,0,1,0,0,0,1,0,2,0,6.0,4.82,81.6,196.23115,861,0,0.75
1.0,2.0,111.0,2,67.0,-1,0,0,0,1,0,1,1,1,1,6.0,3.12,343.82000732421875,287.80215,1293,0,1.0
5.0,1.0,147.0,2,45.0,-1,0,2,0,1,0,1,1,2,2,6.0,1.57,112.45999908447266,291.25267,282,0,1.5
1.0,1.0,99.0,0,0.0,-1,0,0,0,1,0,0,1,1,1,14.0,2.01,58.15999984741211,276.61132,399,0,0.75
3.0,5.0,140.0,0,37.0,-1,1,0,0,1,0,1,2,2,1,6.0,3.65,220.8,528.74636,983,0,1.5
1.0,1.0,70.0,2,34.0,-1,0,1,0,1,0,2,2,0,1,6.0,1.1,41.4,215.49704,219,0,1.25
2.0,1.0,108.0,2,0.0,1,0,1,1,1,0,1,0,2,2,16.0,1.52,537.6699829101562,282.30084,310,1,1.25
1.0,1.0,57.0,0,52.0,-1,0,2,0,1,0,2,1,2,1,6.0,3.38,103.55000305175781,232.06578,292,0,1.5
3.0,1.0,135.0,0,34.0,-1,0,2,1,0,0,1,1,1,1,6.0,1.3,138.0,257.51668,416,0,1.0
1.0,1.0,39.0,2,30.0,-1,0,0,0,1,0,2,0,0,1,6.0,3.82,350.2900085449219,193.48875,845,0,0.75
1.0,1.0,68.0,0,33.0,-1,0,1,0,1,0,2,0,2,2,6.0,3.34,106.19999694824219,157.13444,1232,0,1.5
2.0,2.0,79.0,1,55.0,1,0,2,1,1,0,1,2,1,0,16.0,4.74,295.45001220703125,135.98306,606,1,1.0
2.0,1.0,116.0,0,71.0,-1,0,0,0,1,0,2,1,0,2,6.0,1.42,57.97999954223633,430.58772,1188,0,1.25
1.0,1.0,26.0,1,0.0,-1,1,1,1,1,0,2,0,2,1,6.0,1.87,15.0,102.9578,382,0,1.25
2.0,2.0,94.0,1,71.0,1,0,1,0,1,0,0,1,0,2,16.0,2.13,306.79998779296875,148.14787,840,1,0.75
1.0,1.0,44.0,1,0.0,-1,0,1,1,1,0,2,1,0,1,6.0,3.63,26.4,73.78506,1039,0,1.0
1.0,1.0,58.0,1,48.0,-1,0,1,1,1,0,2,2,1,2,6.0,3.2,646.530029296875,131.92244,651,0,1.75
4.0,1.0,132.0,1,69.0,-1,0,1,0,1,0,2,1,2,1,46.0,3.08,304.6700134277344,159.75682,1255,0,1.5
1.0,3.0,117.0,0,43.0,-1,1,1,0,1,0,2,2,1,1,6.0,1.83,46.4900016784668,301.54461,692,0,1.5
3.0,4.0,140.0,1,46.0,-1,0,0,0,1,0,1,1,1,1,6.0,3.32,193.22999572753906,159.55393,749,0,1.0
1.0,1.0,97.0,2,59.0,-1,0,0,0,1,0,2,0,1,1,16.0,2.71,345.07000732421875,209.50626,666,0,1.0
4.0,2.0,132.0,0,19.0,-1,0,1,1,0,0,0,0,2,1,6.0,2.17,134.22000122070312,232.61816,694,0,0.75
1.0,1.0,21.0,1,59.0,-1,1,1,0,0,0,1,1,2,0,6.0,3.58,12.6,24.1463,819,0,1.0
2.0,1.0,81.0,0,40.0,2,0,0,1,1,0,0,2,1,1,46.0,1.66,129.6,437.87888,1388,1,1.0
3.0,1.0,118.0,0,38.0,-1,0,2,1,0,0,1,0,1,2,6.0,2.98,173.77000427246094,290.10207,463,0,1.0
1.0,2.0,87.0,1,49.0,-1,0,2,1,1,0,0,1,1,0,6.0,2.15,295.42999267578125,77.75157,1495,0,0.5
1.0,1.0,26.0,1,50.0,-1,0,1,0,1,0,0,2,1,0,6.0,4.11,15.0,28.88098,1052,0,0.75
1.0,3.0,119.0,0,23.0,-1,0,0,1,1,0,1,1,1,1,6.0,1.54,190.4,471.76136,936,0,1.0
1.0,1.0,101.0,0,21.0,-1,1,1,0,1,0,1,1,2,1,6.0,3.41,46.58000183105469,204.96154,504,0,1.25
1.0,1.0,88.0,0,59.0,-1,0,2,0,1,0,1,1,1,1,6.0,1.4,103.23999786376953,311.5711,1347,0,1.0
5.0,4.0,145.0,2,59.0,1,0,0,0,1,0,0,0,1,0,16.0,1.44,235.2,288.94839,960,1,0.25
1.0,1.0,43.0,0,27.0,2,0,2,1,1,0,1,2,2,1,46.0,2.7,173.7100067138672,371.75419,683,1,1.5
1.0,1.0,39.0,2,20.0,-1,0,2,0,0,0,1,1,1,1,6.0,3.09,114.12999725341797,110.07285,1126,0,1.0
4.0,2.0,150.0,2,21.0,1,0,1,1,1,0,1,2,0,1,16.0,2.37,537.3099975585938,355.05239,91,1,1.0
1.0,1.0,90.0,0,50.0,-1,0,0,0,1,0,2,1,1,1,6.0,2.19,142.4,323.8708,123,0,1.25
3.0,5.0,140.0,2,69.0,1,0,0,0,0,0,0,1,2,1,16.0,1.66,341.25,284.56,834,1,1.0
1.0,1.0,27.0,1,70.0,-1,0,1,1,1,0,1,1,1,1,6.0,1.97,16.2,37.39334,630,0,1.0
1.0,1.0,93.0,2,0.0,-1,0,2,1,1,0,1,1,2,1,16.0,4.16,274.2099914550781,172.54066,1045,0,1.25
1.0,1.0,34.0,2,65.0,1,0,1,1,1,0,0,0,1,1,16.0,1.46,21.0,140.61781,765,1,0.5
2.0,1.0,77.0,1,53.0,-1,1,0,0,1,0,1,2,1,1,6.0,1.32,89.02999877929688,126.02625,496,0,1.25
1.0,1.0,72.0,1,24.0,-1,0,0,1,1,0,2,1,1,1,14.0,2.43,369.67999267578125,165.28541,1298,0,1.25
1.0,1.0,59.0,1,57.0,1,1,0,1,1,0,0,1,0,2,16.0,3.16,94.4,153.53216,807,1,0.75
1.0,2.0,72.0,2,42.0,-1,0,1,0,0,0,2,2,1,2,16.0,2.16,215.0,118.58148,1595,0,1.75
1.0,1.0,105.0,2,51.0,-1,0,2,1,1,0,2,2,2,2,6.0,1.17,105.0,289.51353,751,0,2.0
3.0,2.0,109.0,0,54.0,-1,0,0,0,1,0,1,1,2,2,16.0,3.06,176.0,403.71974,1380,0,1.5
2.0,1.0,68.0,0,0.0,-1,1,0,0,1,0,1,1,1,2,6.0,2.45,108.8,262.73785,683,0,1.25
2.0,1.0,119.0,1,32.0,-1,0,1,0,0,0,2,2,2,1,6.0,2.92,70.8,84.84934,481,0,1.75
1.0,1.0,34.0,0,0.0,-1,0,1,0,0,0,2,1,1,1,6.0,3.29,19.2,192.34024,529,0,1.25
1.0,1.0,72.0,2,21.0,-1,0,1,0,0,0,1,1,1,2,6.0,1.81,215.0,137.5097,642,0,1.25
5.0,2.0,131.0,2,70.0,2,0,2,1,1,0,0,1,1,1,46.0,3.77,131.0,316.84415,382,1,0.75
1.0,1.0,47.0,2,24.0,-1,0,0,0,0,0,1,1,1,2,6.0,2.5,73.6,136.81774,786,0,1.25
1.0,1.0,57.0,1,19.0,-1,0,1,1,0,0,0,1,0,1,6.0,2.07,646.530029296875,95.61331,1134,0,0.5
2.0,2.0,149.0,0,67.0,-1,1,1,0,0,0,2,1,2,1,6.0,2.62,88.8,260.34742,1210,0,1.5
2.0,1.0,133.0,0,47.0,-1,0,2,0,1,0,1,2,1,2,6.0,3.09,133.0,273.45159,1179,0,1.5
3.0,3.0,111.0,1,50.0,1,0,1,0,0,0,1,1,2,1,16.0,2.07,65.4,116.4722,1057,1,1.25
1.0,1.0,63.0,2,29.0,-1,0,0,1,0,0,1,1,1,2,6.0,3.21,1151.739990234375,211.86289,715,0,1.25
1.0,1.0,60.0,2,54.0,1,0,0,0,1,0,1,2,0,1,16.0,2.64,348.3900146484375,249.05073,1256,1,1.0
1.0,1.0,98.0,0,43.0,-1,0,2,1,1,0,1,1,1,2,6.0,2.83,173.75,223.03217,996,0,1.25
1.0,2.0,97.0,0,8.0,-1,0,2,1,1,0,1,1,1,1,6.0,2.62,97.0,382.24794,811,0,1.0
2.0,1.0,119.0,1,18.0,-1,1,2,0,1,0,1,1,2,0,6.0,3.24,118.0,144.72522,801,0,1.0
1.0,1.0,64.0,0,50.0,-1,0,0,0,1,0,1,1,0,2,6.0,3.74,104.0,253.81632,666,0,1.0
2.0,1.0,72.0,1,0.0,-1,0,2,0,1,0,1,1,1,2,6.0,1.89,73.0,103.08882,461,0,1.25
1.0,2.0,125.0,0,0.0,-1,0,1,0,1,0,1,2,1,1,6.0,3.09,105.12999725341797,5636.4418000000005,669,0,1.25
1.0,4.0,149.0,2,35.0,-1,0,2,0,1,0,1,1,1,1,6.0,1.84,147.0,223.77209,419,0,1.0
1.0,1.0,29.0,1,0.0,2,0,0,0,1,0,2,1,0,2,46.0,2.55,46.4,103.70359,996,1,1.25
1.0,3.0,116.0,1,62.0,-1,0,2,0,1,0,1,1,1,2,14.0,3.25,131.88999938964844,177.45739,915,0,1.25
2.0,2.0,74.0,0,26.0,-1,0,0,1,1,0,2,1,2,0,6.0,1.51,120.0,249.54493,647,0,1.25
2.0,1.0,61.0,1,24.0,-1,0,2,1,0,0,1,1,0,2,6.0,1.93,61.0,61.58074,1491,0,1.0
1.0,2.0,109.0,1,28.0,-1,1,1,0,1,0,1,1,1,0,6.0,1.44,86.7699966430664,85.64588,92,0,0.75
2.0,2.0,60.0,1,53.0,0,0,1,0,1,0,1,0,0,2,14.0,1.63,308.7099914550781,100.72973,185,1,0.75
2.0,1.0,125.0,0,0.0,0,0,1,1,0,0,1,2,1,1,14.0,2.73,74.4,330.32856,765,1,1.25
3.0,3.0,106.0,0,0.0,-1,0,2,0,0,0,0,1,0,2,6.0,1.62,106.0,285.97321,1562,0,0.75
1.0,3.0,133.0,2,69.0,-1,0,2,0,0,0,1,2,1,1,6.0,2.03,112.68000030517578,196.39321,1351,0,1.25
1.0,1.0,39.0,2,38.0,1,1,0,0,1,0,0,2,2,1,16.0,2.43,156.33999633789062,171.49159,1498,1,1.25
1.0,1.0,38.0,0,47.0,-1,1,0,1,1,0,2,1,1,1,6.0,2.09,60.8,148.98223,785,0,1.25
2.0,1.0,81.0,1,36.0,-1,1,2,1,0,0,2,0,1,2,6.0,2.4,81.0,71.56734,1455,0,1.25
1.0,1.0,36.0,2,0.0,-1,0,2,1,1,0,1,0,1,1,6.0,2.07,35.0,167.49053,1250,0,0.75
2.0,3.0,114.0,1,62.0,0,0,1,1,1,0,1,1,1,1,14.0,1.83,646.260009765625,165.28433,1145,1,1.0
2.0,1.0,114.0,1,54.0,2,1,2,1,0,0,1,1,0,1,46.0,1.06,68.19999694824219,160.03556,1359,1,0.75
1.0,1.0,28.0,0,52.0,-1,1,2,0,1,0,2,0,0,1,14.0,2.04,47.95000076293945,112.96806,215,0,0.75
1.0,1.0,113.0,1,59.0,-1,0,1,1,1,0,1,0,1,1,46.0,1.94,67.2,141.09064,1094,0,0.75
1.0,4.0,139.0,1,13.0,-1,0,2,0,1,0,1,0,2,2,6.0,3.35,139.0,166.27914,527,0,1.25
3.0,1.0,117.0,0,68.0,-1,0,1,0,1,0,1,1,1,1,6.0,3.24,70.2,351.71071,1011,0,1.0
2.0,1.0,93.0,1,56.0,-1,1,1,1,1,0,2,1,1,2,16.0,2.33,104.5999984741211,157.44352,1336,0,1.5
3.0,3.0,101.0,2,52.0,1,1,1,1,0,0,0,1,1,1,16.0,1.9,60.0,182.81007,1351,1,0.75
5.0,5.0,131.0,0,60.0,-1,0,0,1,0,0,0,2,2,2,6.0,3.23,73.97000122070312,450.22356,792,0,1.5
1.0,1.0,55.0,1,17.0,1,0,1,0,1,0,1,1,1,0,16.0,2.57,33.6,104.53298,182,1,0.75
1.0,1.0,45.0,1,35.0,-1,0,0,0,0,0,1,2,2,1,6.0,2.13,198.85000610351562,108.79625,678,0,1.5
3.0,3.0,107.0,0,41.0,-1,1,0,1,0,0,0,2,2,1,6.0,1.98,171.2,386.94185,793,0,1.25
1.0,1.0,42.0,2,46.0,1,0,0,0,1,0,1,1,1,0,16.0,4.17,65.6,115.5074,1096,1,0.75
1.0,1.0,23.0,0,0.0,-1,0,1,0,0,0,1,1,2,2,16.0,1.42,107.05000305175781,94.79546,637,0,1.5
1.0,1.0,60.0,0,64.0,-1,0,0,0,1,0,1,1,2,2,6.0,2.58,92.8,247.80235,808,0,1.5
1.0,3.0,128.0,0,53.0,-1,1,0,0,1,0,1,1,0,0,6.0,2.86,42.369998931884766,305.45048,964,0,0.5
1.0,3.0,122.0,2,66.0,-1,0,1,0,0,0,2,2,0,0,46.0,1.7,73.2,206.82483,969,0,1.0
1.0,1.0,37.0,1,39.0,1,1,1,0,1,0,1,1,1,1,16.0,2.05,22.8,59.86132,766,1,1.0
2.0,2.0,119.0,0,0.0,-1,0,2,1,0,0,1,0,2,1,6.0,2.0,173.77000427246094,321.70492,1103,0,1.0
2.0,1.0,111.0,2,33.0,1,0,2,0,1,0,2,1,1,2,16.0,3.15,113.0199966430664,314.19133,701,1,1.5
2.0,2.0,144.0,0,39.0,-1,0,2,1,1,0,2,1,1,2,6.0,3.04,145.0,321.92244,997,0,1.5
1.0,1.0,45.0,0,0.0,-1,0,0,0,1,0,1,1,1,0,6.0,2.28,58.7400016784668,179.62239,1227,0,0.75
1.0,1.0,43.0,1,43.0,-1,0,2,0,1,0,1,0,1,1,6.0,1.9,43.0,112.28702,208,0,0.75
1.0,1.0,41.0,1,51.0,-1,0,1,0,1,0,2,2,2,2,6.0,1.8,24.0,87.9964,325,0,2.0
4.0,2.0,150.0,0,0.0,-1,0,0,0,1,0,2,1,1,2,6.0,2.06,238.4,432.95613,1366,0,1.5
2.0,2.0,59.0,0,15.0,-1,0,0,0,1,0,1,2,2,2,46.0,1.53,58.59000015258789,446.39115,456,0,1.75
2.0,5.0,149.0,1,48.0,-1,0,2,1,1,0,1,0,2,2,6.0,2.65,295.3299865722656,144.7133,543,0,1.25
1.0,1.0,57.0,1,52.0,0,0,2,1,1,0,1,0,0,2,14.0,2.41,295.4800109863281,70.56903,1386,1,0.75
1.0,1.0,40.0,1,25.0,-1,0,0,0,1,0,1,2,2,2,6.0,4.96,65.6,136.72543,271,0,1.75
1.0,1.0,64.0,0,41.0,-1,1,0,0,1,0,1,1,1,1,14.0,2.85,42.83000183105469,340.72189,1292,0,1.0
1.0,1.0,38.0,1,42.0,-1,0,0,0,1,0,1,1,0,0,14.0,4.26,60.8,59.6759,808,0,0.5
2.0,2.0,92.0,0,46.0,1,0,0,0,1,0,2,1,0,1,16.0,1.55,145.6,440.39703,566,1,1.0
4.0,2.0,139.0,2,62.0,1,0,2,0,1,0,1,1,1,1,16.0,2.04,137.0,273.13105,1605,1,1.0
2.0,2.0,124.0,0,45.0,-1,0,0,0,1,0,0,2,0,1,6.0,2.2,57.88999938964844,426.39407,1618,0,0.75
2.0,1.0,88.0,1,23.0,-1,0,1,1,1,0,1,1,0,0,6.0,1.92,51.6,140.27035,245,0,0.5
1.0,1.0,119.0,1,30.0,2,0,0,0,0,0,2,1,2,1,46.0,3.39,190.4,206.05195,1470,1,1.5
2.0,1.0,70.0,2,66.0,2,0,1,1,1,0,1,2,2,2,46.0,4.28,538.1099853515625,235.91967,621,1,1.75
2.0,2.0,73.0,0,49.0,-1,0,0,0,0,0,2,0,1,1,6.0,4.8,58.439998626708984,296.36605,896,0,1.0
5.0,2.0,142.0,2,30.0,-1,0,0,0,1,0,1,1,2,2,6.0,2.3,341.0799865722656,334.10207,929,0,1.5
2.0,1.0,91.0,2,58.0,-1,1,1,1,1,0,1,1,1,0,6.0,3.19,136.85000610351562,174.75451,751,0,0.75
2.0,5.0,140.0,2,57.0,1,0,0,1,0,0,2,1,1,0,16.0,2.73,225.6,351.20087,590,1,1.0
1.0,1.0,59.0,0,19.0,-1,0,0,1,0,0,2,2,1,2,46.0,2.53,73.98999786376953,356.92534,914,0,1.75
2.0,3.0,119.0,1,61.0,-1,0,2,0,1,0,2,0,1,1,6.0,1.93,118.0,108.05531,511,0,1.0
1.0,2.0,59.0,0,10.0,-1,1,1,0,1,0,1,2,2,0,6.0,1.59,36.0,282.70442,1471,0,1.25
3.0,3.0,125.0,0,41.0,-1,0,0,1,1,0,2,2,1,1,6.0,3.4,201.6,419.36075,1500,0,1.5
1.0,1.0,58.0,1,18.0,-1,0,1,0,1,0,1,0,2,0,6.0,3.31,34.8,1746.0102000000002,130,0,0.75
1.0,1.0,29.0,1,0.0,0,0,0,0,1,0,2,2,0,1,14.0,2.94,48.0,55.09377,1255,1,1.25
4.0,4.0,148.0,0,0.0,1,0,0,0,0,0,1,1,1,0,16.0,3.26,57.63999938964844,449.47079,1269,1,0.75
1.0,1.0,95.0,1,35.0,-1,0,1,1,1,0,1,1,2,2,16.0,2.05,646.3499755859375,131.99958,1098,0,1.5
2.0,2.0,95.0,2,63.0,-1,0,1,1,1,0,2,0,2,2,6.0,3.07,537.780029296875,251.4986,780,0,1.5
2.0,1.0,68.0,2,25.0,1,0,0,0,1,0,1,1,2,1,16.0,2.87,108.8,179.10041,847,1,1.25
2.0,3.0,125.0,1,13.0,2,0,0,0,0,0,0,2,1,1,46.0,3.1,194.11000061035156,190.89413,1398,1,1.0
2.0,1.0,61.0,1,53.0,-1,0,2,0,1,0,1,0,0,2,6.0,2.5,61.0,94.32593,175,0,0.75
3.0,3.0,101.0,2,52.0,1,0,1,1,1,0,2,1,2,1,16.0,1.91,537.72998046875,195.01056,892,1,1.5
1.0,1.0,45.0,1,68.0,1,1,0,1,0,0,1,1,1,0,16.0,3.33,72.0,117.54738,573,1,0.75
2.0,1.0,91.0,1,21.0,-1,0,2,1,1,0,1,1,2,1,6.0,1.63,295.42999267578125,98.67955,1015,0,1.25
2.0,4.0,135.0,1,49.0,1,0,2,0,1,0,1,1,1,2,16.0,3.1,131.61000061035156,180.02624,606,1,1.25
2.0,5.0,142.0,0,35.0,-1,0,2,0,0,0,2,1,1,1,46.0,3.69,102.69999694824219,366.2329,1491,0,1.25
4.0,4.0,133.0,0,0.0,-1,0,2,0,0,0,0,2,1,2,6.0,3.66,102.79000091552734,291.84608,1476,0,1.25
2.0,1.0,65.0,0,24.0,-1,0,0,0,0,0,2,1,2,0,6.0,2.74,58.52000045776367,235.64261,716,0,1.25
2.0,2.0,66.0,0,53.0,2,0,2,0,1,0,1,1,1,2,46.0,4.52,103.45999908447266,314.98402,680,1,1.25
1.0,1.0,98.0,0,61.0,-1,0,0,0,1,0,1,0,1,0,6.0,2.32,58.16999816894531,225.40154,820,0,0.5
1.0,1.0,31.0,0,58.0,1,0,0,0,1,0,1,1,0,2,16.0,2.51,46.4,135.97201,1427,1,1.0
4.0,4.0,129.0,0,37.0,0,1,2,0,1,0,2,1,2,2,14.0,2.3,130.0,342.50873,1094,1,1.75
1.0,1.0,38.0,2,31.0,-1,0,0,1,1,0,0,1,1,2,6.0,2.0,62.4,163.99051,190,0,1.0
1.0,1.0,25.0,0,61.0,-1,0,1,0,1,0,2,0,0,1,6.0,2.8,107.0199966430664,132.44417,1403,0,0.75
1.0,1.0,43.0,2,0.0,0,0,1,1,1,0,1,2,2,0,14.0,3.23,538.489990234375,201.02968,1031,1,1.25
1.0,1.0,54.0,1,13.0,1,0,1,0,0,0,1,2,2,2,16.0,2.28,6991.0,96.35763,666,1,1.75
1.0,1.0,98.0,2,56.0,0,0,1,0,1,0,1,2,1,0,14.0,4.66,58.2,198.23561,562,1,1.0
1.0,1.0,53.0,2,67.0,-1,0,2,1,1,0,2,2,2,1,6.0,2.33,52.0,116.57241,552,0,1.75
1.0,1.0,42.0,1,61.0,-1,0,0,1,1,0,2,1,2,1,6.0,4.83,369.82000732421875,98.52152,761,0,1.5
3.0,3.0,112.0,0,42.0,-1,0,1,0,1,0,1,1,0,1,6.0,1.95,67.2,215.00881,376,0,0.75
3.0,2.0,124.0,1,0.0,-1,0,0,1,1,0,1,2,1,1,6.0,4.47,198.4,207.93891,678,0,1.25
1.0,3.0,119.0,0,32.0,-1,0,1,0,1,0,1,2,1,1,6.0,1.41,71.4,309.76046,168,0,1.25
1.0,1.0,115.0,2,12.0,-1,0,1,0,1,0,1,1,2,1,14.0,1.89,213.22999572753906,284.75563,1118,0,1.25
1.0,1.0,49.0,2,45.0,-1,0,0,0,1,0,2,1,1,1,16.0,1.47,349.3800048828125,253.43964,137,0,1.25
1.0,1.0,28.0,2,53.0,-1,0,0,0,0,0,0,1,2,1,6.0,2.49,48.0,144.2613,1235,0,1.0
1.0,1.0,34.0,1,58.0,-1,0,0,0,0,0,2,1,0,1,6.0,2.94,52.8,37.92018,1187,0,1.0
2.0,1.0,104.0,0,55.0,-1,0,0,0,0,0,1,2,2,1,14.0,2.94,58.11000061035156,244.74233,1471,0,1.5
2.0,2.0,70.0,0,43.0,1,1,1,0,1,0,0,0,2,2,16.0,2.82,46.75,6735.545,688,1,1.0
1.0,1.0,59.0,2,32.0,-1,0,2,0,1,0,1,1,1,1,6.0,2.85,113.81999969482422,206.10447,857,0,1.0
2.0,2.0,73.0,2,50.0,-1,0,1,1,0,0,0,2,2,1,14.0,2.48,43.8,4177.756,660,0,1.25
1.0,1.0,105.0,0,0.0,2,1,0,1,0,0,0,1,0,1,46.0,1.86,166.4,319.21529,1137,1,0.5
3.0,2.0,146.0,2,32.0,-1,1,2,0,1,0,0,1,1,1,6.0,3.02,55.84000015258789,272.90942,511,0,0.75
2.0,1.0,78.0,1,23.0,-1,0,2,0,1,0,1,1,0,1,6.0,2.45,132.4499969482422,111.7493,331,0,0.75
1.0,2.0,65.0,0,0.0,-1,0,1,1,1,0,1,1,2,1,6.0,1.65,38.4,138.75448,1538,0,1.25
1.0,1.0,48.0,0,19.0,-1,0,0,0,1,0,1,0,1,1,16.0,1.59,72.0,191.10104,232,0,0.75
2.0,3.0,102.0,1,60.0,-1,0,0,0,0,0,1,1,0,2,6.0,1.59,195.4600067138672,99.84691,364,0,1.0
1.0,2.0,72.0,2,59.0,-1,0,1,0,1,0,1,0,0,1,46.0,1.47,215.0,305.63025,243,0,0.5
2.0,1.0,100.0,2,17.0,-1,1,1,0,1,0,1,2,1,1,6.0,2.84,92.83999633789062,151.72641,436,0,1.25
1.0,1.0,51.0,0,26.0,2,0,1,0,0,0,2,0,1,1,46.0,1.91,30.0,346.10895,473,1,1.0
1.0,1.0,33.0,1,61.0,1,1,2,1,1,0,0,2,2,1,16.0,2.12,34.0,124.48368,1442,1,1.25
1.0,1.0,41.0,1,55.0,-1,0,0,0,1,0,0,1,1,1,6.0,1.56,65.6,80.70899,1031,0,0.75
1.0,1.0,50.0,0,37.0,0,0,0,1,1,0,0,1,1,2,14.0,3.64,74.0,188.14168,1592,1,1.0
4.0,0.0,6013.0,0,37.0,1,1,0,0,0,0,2,1,1,2,16.0,2.38,19.540000915527344,341.95431,1225,1,1.5
2.0,2.0,141.0,2,52.0,-1,0,1,1,1,0,2,1,1,1,6.0,2.54,84.6,184.36021,1012,0,1.25
5.0,5.0,131.0,1,38.0,-1,1,0,0,1,0,0,2,1,1,6.0,2.4,88.33999633789062,231.53398,137,0,1.0
1.0,1.0,50.0,0,54.0,-1,0,2,0,1,0,1,2,1,1,6.0,1.46,103.62000274658203,275.65478,659,0,1.25
1.0,1.0,111.0,1,63.0,-1,0,2,0,1,0,2,2,2,1,6.0,2.81,111.0,100.03831,1247,0,1.75
1.0,2.0,83.0,0,56.0,-1,0,2,1,1,0,1,1,1,2,6.0,2.32,84.0,216.19878,146,0,1.25
1.0,1.0,34.0,2,45.0,1,0,2,0,0,0,1,1,1,0,16.0,3.09,114.20999908447266,77.95556,956,1,0.75
1.0,3.0,107.0,2,52.0,1,0,0,0,1,0,1,2,1,2,16.0,1.89,344.17999267578125,335.20202,1228,1,1.5
2.0,1.0,94.0,2,13.0,-1,1,2,0,0,0,1,1,2,1,46.0,2.16,93.0,213.97082,1327,0,1.25
1.0,1.0,81.0,1,0.0,-1,0,2,1,1,0,1,1,2,0,6.0,2.86,295.44000244140625,137.03235,686,0,1.0
3.0,1.0,114.0,1,48.0,-1,0,0,0,0,0,2,1,2,0,16.0,1.61,182.4,155.35352,186,0,1.25
2.0,1.0,74.0,2,62.0,1,0,0,0,1,0,0,1,1,1,16.0,1.8,347.1300048828125,171.33808,193,1,0.75
1.0,1.0,91.0,2,61.0,1,0,0,0,1,0,1,1,2,2,16.0,2.69,345.6099853515625,196.03252,1522,1,1.5
5.0,5.0,132.0,2,42.0,0,0,1,1,0,0,1,1,2,2,14.0,2.25,537.4600219726562,241.34152,520,1,1.5
2.0,2.0,87.0,1,34.0,-1,0,2,0,1,0,2,1,2,0,6.0,1.54,88.0,125.34175,423,0,1.25
2.0,1.0,89.0,1,71.0,-1,1,0,0,0,0,2,1,0,2,6.0,1.55,140.8,81.75505,1076,0,1.25
1.0,1.0,55.0,0,39.0,-1,0,2,1,1,0,1,0,1,1,6.0,1.35,173.72000122070312,228.98376,185,0,0.75
1.0,2.0,99.0,1,71.0,-1,0,1,0,1,0,2,2,0,1,14.0,3.23,306.5199890136719,116.80926,972,0,1.25
1.0,1.0,37.0,2,29.0,-1,0,0,1,1,0,2,1,1,1,6.0,2.99,60.8,104.72191,1625,0,1.25
5.0,2.0,141.0,0,70.0,-1,0,2,1,1,0,1,0,1,0,6.0,2.33,140.0,366.20014,456,0,0.5
1.0,2.0,69.0,2,27.0,0,0,1,1,0,0,0,1,2,0,14.0,1.63,538.1199951171875,147.2467,1479,1,0.75
2.0,1.0,71.0,2,42.0,2,0,0,0,1,0,2,0,1,2,46.0,2.45,113.6,251.68227,1129,1,1.25
3.0,1.0,102.0,0,0.0,-1,0,1,0,1,0,1,2,1,0,6.0,1.78,61.2,312.51601,1244,0,1.0
1.0,1.0,56.0,0,49.0,-1,1,1,0,1,0,0,1,1,2,6.0,2.53,46.81999969482422,111.76982,1300,0,1.0
4.0,2.0,146.0,2,52.0,-1,0,0,1,1,0,0,2,0,1,6.0,2.67,233.6,362.40379,1309,0,0.75
1.0,3.0,114.0,0,29.0,-1,0,2,0,1,0,1,1,0,1,6.0,2.05,114.0,382.86929,832,0,0.75
1.0,1.0,93.0,0,25.0,0,0,2,0,0,0,1,2,0,1,14.0,4.3,103.19000244140625,194.73208,914,1,1.0
1.0,3.0,101.0,1,60.0,1,0,2,0,1,0,2,1,1,2,16.0,2.42,132.11000061035156,146.91202,874,1,1.5
1.0,1.0,28.0,1,59.0,-1,0,2,0,1,0,2,2,0,2,6.0,1.49,28.0,72.46292,1222,0,1.5
3.0,2.0,126.0,2,50.0,-1,0,0,0,0,0,1,2,1,1,6.0,1.72,201.6,250.70855,242,0,1.25
3.0,1.0,108.0,2,61.0,-1,0,0,1,1,0,1,1,1,1,16.0,1.7,1150.8399658203125,288.52443,1006,0,1.0
2.0,1.0,65.0,1,68.0,-1,0,2,0,1,0,1,0,1,0,14.0,3.38,132.63999938964844,103.54925,221,0,0.5
1.0,1.0,31.0,0,47.0,-1,0,0,1,0,0,2,1,1,0,6.0,4.38,74.01000213623047,159.37628,1152,0,1.0
5.0,2.0,140.0,1,47.0,1,0,2,0,1,0,2,2,2,2,16.0,3.1,131.52999877929688,192.60537,1390,1,2.0
2.0,2.0,89.0,2,64.0,-1,1,1,1,0,0,2,0,2,2,6.0,3.33,53.4,165.84324,289,0,1.5
3.0,0.0,5824.0,1,38.0,-1,0,1,0,0,0,1,1,2,2,6.0,3.64,85.8,128.1927,210,0,1.5
1.0,2.0,111.0,2,0.0,-1,0,1,0,0,0,2,0,1,1,6.0,2.77,213.39999389648438,187.70565,1407,0,1.0
1.0,3.0,118.0,2,60.0,-1,1,0,0,1,0,1,2,0,1,6.0,1.92,154.3800048828125,268.22279,440,0,1.0
2.0,4.0,131.0,0,0.0,-1,1,2,0,1,0,1,1,1,1,6.0,4.58,47.470001220703125,268.14279,729,0,1.0
2.0,1.0,67.0,1,47.0,-1,0,0,0,1,0,1,2,2,1,6.0,1.48,197.52999877929688,92.65441,398,0,1.5
2.0,2.0,150.0,2,33.0,2,0,1,1,1,0,2,0,0,1,46.0,1.38,537.3099975585938,399.97087,584,1,0.75
1.0,4.0,129.0,0,0.0,-1,0,1,1,0,0,2,2,0,1,16.0,3.43,134.22000122070312,246.34799,117,0,1.25
2.0,1.0,121.0,2,29.0,-1,0,2,0,1,0,2,0,2,1,6.0,3.6,120.0,281.2139,1362,0,1.25
1.0,1.0,50.0,1,45.0,-1,1,0,0,1,0,1,1,2,2,16.0,1.98,89.36000061035156,119.40084,683,0,1.5
1.0,2.0,65.0,1,70.0,-1,0,0,1,1,0,1,1,1,0,6.0,3.46,104.0,109.19771,1028,0,0.75
1.0,1.0,41.0,1,64.0,1,0,1,0,1,0,2,1,0,1,16.0,1.71,24.6,54.0934,1580,1,1.0
3.0,2.0,109.0,0,29.0,-1,0,1,1,1,0,2,1,0,1,6.0,2.31,134.22999572753906,381.32524,416,0,1.0
1.0,1.0,114.0,1,62.0,1,0,2,0,1,0,1,1,1,2,16.0,3.25,131.9199981689453,118.03536,634,1,1.25
3.0,1.0,135.0,1,68.0,-1,0,0,1,1,0,2,0,1,2,6.0,2.88,214.4,220.47671,282,0,1.25
1.0,2.0,144.0,1,63.0,-1,1,2,0,1,0,1,2,0,0,6.0,2.67,54.84000015258789,120.53255,687,0,0.75
2.0,2.0,125.0,2,41.0,-1,0,2,0,1,0,2,2,1,2,6.0,1.97,112.80000305175781,268.79378,336,0,1.75
1.0,1.0,68.0,0,26.0,-1,1,2,0,1,0,2,2,2,2,6.0,2.23,69.0,358.67491,307,0,2.0
2.0,1.0,103.0,2,0.0,-1,0,1,0,1,0,1,2,1,2,6.0,2.55,213.72000122070312,140.77147,89,0,1.5
1.0,2.0,67.0,2,40.0,-1,0,2,1,1,0,1,2,1,2,6.0,1.45,274.3599853515625,132.29861,1381,0,1.5
1.0,1.0,95.0,0,41.0,-1,0,1,0,1,0,1,1,1,1,6.0,1.56,57.6,181.56089,417,0,1.0
3.0,5.0,149.0,2,48.0,-1,0,2,0,0,0,2,1,1,1,46.0,1.75,112.43000030517578,306.2536,1631,0,1.25
2.0,3.0,100.0,2,0.0,0,0,1,0,1,0,1,1,1,1,14.0,2.91,61.2,254.67233,729,1,1.0
3.0,1.0,123.0,1,59.0,1,0,2,1,1,0,1,2,1,1,16.0,1.24,123.0,135.13871,825,1,1.25
2.0,2.0,82.0,1,58.0,-1,0,0,0,0,0,1,1,1,1,6.0,1.56,196.63999938964844,79.64838,987,0,1.0
1.0,1.0,20.0,0,64.0,-1,0,1,0,0,0,2,1,2,1,6.0,2.93,107.11000061035156,126.78421,835,0,1.5
2.0,1.0,78.0,0,37.0,2,0,0,1,1,0,2,2,1,2,46.0,2.97,73.98999786376953,461.2927,1157,1,1.75
1.0,1.0,38.0,2,0.0,0,0,0,0,1,0,0,1,1,0,14.0,1.59,60.8,132.45281,1534,1,0.5
1.0,1.0,75.0,1,60.0,-1,0,2,1,0,0,1,1,1,2,6.0,2.62,295.45001220703125,118.13745,855,0,1.25
1.0,1.0,44.0,0,41.0,-1,0,0,0,0,0,1,1,0,1,6.0,1.6,70.4,220.43913,1382,0,0.75
2.0,2.0,112.0,1,60.0,-1,1,1,1,0,0,0,1,1,0,16.0,1.39,67.8,85.70749,790,0,0.5
1.0,3.0,140.0,0,23.0,-1,0,2,0,0,0,2,1,2,0,16.0,2.32,102.72000122070312,359.85252,92,0,1.25
3.0,2.0,128.0,1,47.0,-1,0,0,0,1,0,1,2,2,1,6.0,2.01,193.92999267578125,198.76794,1613,0,1.5
1.0,2.0,150.0,1,64.0,0,0,1,0,1,0,1,2,0,2,14.0,1.46,303.6700134277344,154.26353,909,1,1.25
1.0,1.0,47.0,2,54.0,-1,0,2,1,0,0,1,1,0,1,6.0,2.55,49.0,78.58427,424,0,0.75
4.0,5.0,138.0,2,0.0,-1,0,1,0,0,0,1,2,1,1,6.0,3.01,83.4,248.7686,509,0,1.25
2.0,1.0,80.0,2,26.0,1,1,1,0,0,0,2,0,0,1,16.0,2.87,47.4,117.16706,659,1,0.75
1.0,1.0,23.0,1,36.0,-1,0,1,1,1,0,1,0,1,0,6.0,2.01,13.2,90.27308,1528,0,0.5
2.0,1.0,104.0,1,50.0,-1,0,0,1,0,0,2,2,1,2,14.0,2.35,369.5199890136719,129.97775,258,0,1.75
2.0,3.0,113.0,0,34.0,-1,0,2,0,0,0,1,0,1,1,6.0,1.91,112.0,332.96387,256,0,0.75
1.0,1.0,72.0,1,41.0,-1,0,0,0,1,0,1,2,1,2,6.0,2.9,116.8,97.17039,476,0,1.5
2.0,1.0,64.0,1,31.0,1,1,2,1,1,0,1,1,2,2,16.0,1.55,68.31999969482422,95.78613,1405,1,1.5
2.0,1.0,128.0,1,70.0,0,0,2,0,1,0,1,2,0,2,14.0,2.46,128.0,122.45765,748,1,1.25
1.0,2.0,65.0,0,34.0,-1,0,2,1,1,0,1,1,1,1,6.0,2.95,65.0,183.80486,225,0,1.0
2.0,1.0,105.0,1,28.0,-1,0,1,0,1,0,1,1,2,0,6.0,1.71,62.4,149.95822,496,0,1.0
2.0,1.0,66.0,0,43.0,2,0,0,1,0,0,0,1,1,0,46.0,2.54,102.4,337.94988,696,1,0.5
3.0,3.0,131.0,0,0.0,-1,0,2,0,1,0,0,2,1,1,6.0,1.37,102.80999755859375,344.38681,619,0,1.0
2.0,2.0,69.0,1,53.0,-1,0,1,1,1,0,0,2,2,1,6.0,2.32,42.0,98.39378,1529,0,1.25
1.0,2.0,120.0,1,0.0,-1,0,0,1,1,0,1,1,2,1,6.0,3.01,369.45001220703125,141.40853,411,0,1.25
4.0,1.0,149.0,2,63.0,0,0,2,0,1,0,1,0,1,2,14.0,3.83,148.0,287.78848,570,1,1.0
1.0,1.0,24.0,1,0.0,-1,1,0,1,1,0,0,1,1,1,6.0,4.04,41.6,38.22369,290,0,0.75
1.0,1.0,77.0,1,44.0,-1,0,0,0,1,0,1,1,2,1,6.0,2.39,196.92999267578125,88.87997,1344,0,1.25
1.0,1.0,94.0,1,41.0,-1,1,1,1,1,0,2,2,1,1,16.0,2.93,104.5999984741211,172.40218,472,0,1.5
1.0,1.0,81.0,0,71.0,-1,0,2,1,1,0,2,1,1,1,6.0,4.6,173.74000549316406,341.55079,459,0,1.25
1.0,2.0,83.0,1,30.0,-1,0,0,0,0,0,1,2,1,1,6.0,1.67,132.8,129.61712,1585,0,1.25
2.0,2.0,75.0,0,49.0,-1,0,0,1,1,0,0,1,1,2,6.0,2.37,73.98999786376953,290.64997,1230,0,1.0
1.0,1.0,53.0,2,42.0,-1,0,2,0,1,0,2,0,2,2,16.0,3.02,113.91999816894531,245.35802,249,0,1.5
1.0,1.0,52.0,2,49.0,-1,0,2,0,1,0,1,2,1,1,6.0,2.75,53.0,94.26057,1373,0,1.25
1.0,2.0,118.0,0,44.0,-1,0,2,0,1,0,2,2,1,1,6.0,2.75,118.0,399.83126,1113,0,1.5
1.0,1.0,37.0,0,47.0,-1,1,0,0,0,0,1,1,1,2,6.0,1.75,43.02000045776367,105.56633,1506,0,1.25
1.0,1.0,88.0,1,34.0,-1,0,2,0,0,0,2,2,1,1,6.0,3.06,132.3000030517578,2516.8424,926,0,1.5
1.0,3.0,128.0,1,57.0,0,0,1,1,1,0,2,1,2,0,14.0,1.79,75.6,151.10238,275,1,1.25
2.0,2.0,60.0,1,67.0,-1,1,0,0,0,0,2,2,1,2,6.0,3.35,89.23999786376953,101.76006,177,0,1.75
1.0,1.0,31.0,0,58.0,-1,0,0,0,0,0,2,1,1,1,6.0,2.04,58.88999938964844,150.28262,1094,0,1.25
1.0,2.0,68.0,0,71.0,-1,1,1,0,1,0,1,1,2,0,6.0,3.31,46.7599983215332,199.8482,1085,0,1.0
1.0,1.0,24.0,0,43.0,-1,0,1,1,1,0,1,2,2,1,6.0,2.47,134.27999877929688,186.25008,694,0,1.5
1.0,1.0,53.0,2,64.0,-1,0,1,0,0,0,2,1,2,2,6.0,2.54,215.77999877929688,168.82418,441,0,1.75
1.0,1.0,81.0,1,68.0,-1,0,0,1,1,0,1,2,1,1,6.0,3.92,128.0,163.57233,677,0,1.25
3.0,2.0,107.0,1,31.0,-1,1,0,1,0,0,0,2,0,1,46.0,2.43,105.52999877929688,209.12516,916,0,0.75
1.0,3.0,106.0,1,36.0,-1,0,2,0,1,0,1,2,0,1,6.0,3.81,107.0,165.19994,535,0,1.0
1.0,1.0,28.0,0,2.0,1,0,0,1,1,0,1,0,2,2,16.0,2.21,74.01000213623047,330.42769,860,1,1.25
1.0,1.0,100.0,0,53.0,-1,0,0,0,1,0,2,1,2,2,6.0,1.99,58.150001525878906,410.78695,1033,0,1.75
1.0,1.0,37.0,1,49.0,-1,0,0,0,1,0,0,2,1,1,6.0,2.89,199.3300018310547,108.10054,1350,0,1.0
1.0,1.0,33.0,1,24.0,-1,0,2,1,1,0,2,1,1,1,6.0,1.92,33.0,117.23605,895,0,1.25
2.0,3.0,112.0,1,64.0,-1,0,2,0,1,0,0,1,1,1,6.0,2.33,112.0,130.14756,709,0,0.75
2.0,2.0,124.0,1,55.0,-1,0,1,0,1,0,1,1,2,0,6.0,3.05,305.1199951171875,129.33547,238,0,1.0
1.0,3.0,114.0,0,67.0,-1,0,2,1,1,0,2,1,1,1,6.0,2.56,114.0,327.69588,851,0,1.25
1.0,2.0,59.0,1,66.0,-1,0,1,0,1,0,2,0,2,1,16.0,2.67,36.0,75.73077,273,0,1.25
3.0,3.0,121.0,0,39.0,-1,0,0,0,1,0,2,2,1,1,6.0,3.49,195.2,511.00167,122,0,1.5
1.0,1.0,48.0,0,30.0,-1,0,0,1,1,0,2,0,1,0,6.0,3.49,78.4,301.48021,1060,0,0.75
1.0,1.0,33.0,2,33.0,2,0,0,1,0,0,1,2,1,0,46.0,2.11,1152.3399658203125,199.65063,1492,1,1.0
1.0,1.0,94.0,2,40.0,0,0,1,0,1,0,1,1,1,0,14.0,2.31,214.08999633789062,180.72962,1278,1,0.75
1.0,1.0,23.0,1,0.0,-1,1,1,0,1,0,1,0,1,1,6.0,2.9,12.6,79.7625,1280,0,0.75
2.0,3.0,126.0,2,6.0,-1,0,2,1,0,0,1,1,1,0,6.0,3.13,274.0299987792969,3568.0352,405,0,0.75
2.0,1.0,96.0,2,49.0,-1,0,2,0,1,0,0,1,2,2,6.0,2.53,97.0,211.54734,330,0,1.25
1.0,1.0,37.0,0,37.0,-1,0,0,0,0,0,1,2,0,2,6.0,4.51,58.83000183105469,109.19907,1263,0,1.25
1.0,1.0,82.0,0,4.0,-1,0,0,0,1,0,1,1,2,1,6.0,3.56,132.8,310.59137,1314,0,1.25
1.0,1.0,82.0,1,58.0,1,0,2,0,1,0,1,2,2,2,16.0,1.82,83.0,133.05481,924,1,1.75
2.0,4.0,132.0,2,47.0,-1,0,1,1,1,0,2,1,1,1,6.0,2.29,79.2,195.98198,609,0,1.25
1.0,1.0,99.0,1,31.0,-1,0,1,0,1,0,2,1,1,1,46.0,2.41,58.2,140.13234,873,0,1.25
5.0,2.0,135.0,0,54.0,-1,0,1,1,1,0,0,2,1,0,6.0,4.61,134.22000122070312,417.54974,925,0,0.75
0.0,1.0,7978.0,2,25.0,-1,1,0,1,1,0,2,1,2,1,6.0,3.73,69.6500015258789,313.25009,830,0,1.5
1.0,1.0,83.0,1,0.0,-1,0,2,0,1,0,1,1,1,2,6.0,1.45,83.0,139.37193,796,0,1.25
1.0,1.0,64.0,0,61.0,2,0,0,1,0,0,0,0,1,2,46.0,1.68,73.98999786376953,398.2243,690,1,0.75
1.0,2.0,90.0,1,59.0,0,0,1,0,0,0,2,1,1,0,14.0,2.18,307.0199890136719,113.63425,1565,1,1.0
2.0,1.0,90.0,0,43.0,-1,0,0,1,1,0,1,2,2,2,6.0,2.42,144.0,280.13186,866,0,1.75
1.0,1.0,80.0,1,22.0,-1,0,0,0,0,0,0,0,2,1,6.0,4.98,128.0,74.33714,1205,0,0.75
1.0,1.0,36.0,2,11.0,-1,0,2,1,1,0,2,2,1,1,6.0,2.87,36.0,154.4355,1142,0,1.5
1.0,2.0,78.0,1,0.0,0,1,2,0,0,0,2,0,0,2,14.0,2.43,78.0,70.73234,364,1,1.0
1.0,1.0,68.0,2,0.0,-1,0,1,0,1,0,1,0,0,0,6.0,3.69,40.8,167.81531,1136,0,0.25
1.0,1.0,78.0,1,68.0,-1,0,1,1,1,0,1,2,2,0,6.0,1.95,46.8,67.23307,1238,0,1.25
1.0,1.0,58.0,2,42.0,-1,0,1,0,1,0,1,2,0,1,6.0,3.17,215.5800018310547,138.78784,728,0,1.0
3.0,4.0,131.0,2,58.0,-1,0,0,1,1,0,2,2,2,0,16.0,3.32,1150.3800048828125,348.61103,901,0,1.5
2.0,1.0,67.0,1,41.0,-1,0,0,1,1,0,0,0,1,1,6.0,3.51,107.2,81.44875,1559,0,0.5
2.0,2.0,126.0,1,36.0,-1,0,1,0,1,0,1,2,2,1,6.0,3.48,305.0,109.83801,202,0,1.5
1.0,1.0,44.0,0,28.0,1,0,0,0,0,0,1,1,2,0,16.0,1.95,58.75,150.11355,1467,1,1.0
1.0,1.0,27.0,2,0.0,-1,0,1,0,1,0,2,1,2,2,6.0,3.83,216.86000061035156,116.27531,532,0,1.75
1.0,1.0,87.0,1,55.0,-1,1,1,0,1,0,1,1,0,2,6.0,3.34,87.0199966430664,121.78254,1620,0,1.0
1.0,1.0,48.0,1,45.0,-1,0,1,0,0,0,1,1,2,1,6.0,1.34,309.3900146484375,95.14136,385,0,1.25
1.0,1.0,98.0,2,60.0,1,0,0,0,1,0,0,1,0,1,16.0,4.58,344.9800109863281,248.95172,509,1,0.5
2.0,1.0,86.0,2,46.0,1,1,0,0,0,0,1,1,1,2,16.0,1.59,155.1699981689453,170.12037,513,1,1.25
1.0,2.0,101.0,1,58.0,-1,0,2,0,1,0,1,1,1,1,6.0,2.77,101.0,149.74565,951,0,1.0
1.0,1.0,99.0,1,0.0,-1,0,2,1,1,0,1,1,1,0,6.0,2.87,295.4100036621094,140.33656,1563,0,0.75
2.0,1.0,87.0,0,68.0,-1,0,2,1,1,0,2,0,2,1,6.0,1.96,173.75,218.1492,825,0,1.25
2.0,1.0,114.0,1,66.0,-1,1,2,1,1,0,1,1,0,2,6.0,4.77,68.19999694824219,131.55895,1212,0,1.0
3.0,5.0,131.0,1,40.0,-1,0,2,0,0,0,2,0,1,0,6.0,1.14,131.6699981689453,3162.2681999999995,552,0,0.75
3.0,1.0,112.0,2,44.0,-1,0,0,0,0,0,0,1,2,2,6.0,2.02,177.6,177.47546,797,0,1.25
2.0,1.0,107.0,0,32.0,0,0,2,0,1,0,2,2,0,0,14.0,2.66,106.0,251.08729,1116,1,1.0
5.0,1.0,141.0,2,68.0,-1,1,1,1,1,0,0,0,0,1,6.0,4.55,84.6,165.64979,1001,0,0.25
1.0,1.0,31.0,0,57.0,0,0,2,1,1,0,1,2,1,1,14.0,1.44,173.6999969482422,208.41829,1521,1,1.25
1.0,1.0,33.0,2,58.0,-1,0,0,0,1,0,1,1,2,2,6.0,1.89,54.4,191.54316,1016,0,1.5
1.0,1.0,54.0,2,50.0,-1,0,1,0,1,0,0,2,1,2,6.0,2.02,215.74000549316406,132.98955,1419,0,1.25
2.0,2.0,90.0,1,0.0,0,0,1,0,0,0,1,1,0,0,14.0,1.95,307.0199890136719,89.02201,621,1,0.5
1.0,3.0,116.0,0,38.0,-1,0,2,0,1,0,2,1,1,1,6.0,3.02,115.0,263.3513,316,0,1.25
2.0,2.0,68.0,1,0.0,-1,0,0,0,1,0,1,1,1,2,6.0,2.87,197.47000122070312,80.51526,1413,0,1.25
1.0,1.0,82.0,0,0.0,-1,0,1,0,0,0,0,1,0,1,6.0,2.52,105.94000244140625,219.24435,942,0,0.5
1.0,3.0,103.0,2,15.0,-1,0,1,0,1,0,2,1,2,2,6.0,1.36,213.72000122070312,252.38517,1458,0,1.75
5.0,1.0,143.0,2,0.0,0,0,1,1,1,0,0,1,2,1,14.0,2.09,537.3699951171875,294.22249,1454,1,1.0
2.0,2.0,137.0,2,51.0,2,1,0,1,0,0,1,2,0,0,46.0,1.74,219.2,343.87031,858,1,0.75
1.0,1.0,27.0,0,31.0,1,0,1,0,1,0,1,1,1,0,16.0,2.02,15.6,195.11463,470,1,0.75
1.0,1.0,73.0,1,54.0,-1,0,0,0,1,0,1,1,2,2,6.0,1.5,113.6,90.68588,389,0,1.5
1.0,1.0,50.0,0,0.0,-1,1,2,1,1,0,0,1,2,1,6.0,3.57,49.0,193.63186,1223,0,1.0
1.0,1.0,29.0,2,31.0,0,1,1,0,1,0,0,2,1,2,14.0,2.45,93.73999786376953,142.51291,697,1,1.25
1.0,1.0,23.0,0,0.0,1,1,2,0,1,0,0,1,1,1,16.0,1.97,47.97999954223633,99.56535,1330,1,0.75
1.0,3.0,111.0,1,61.0,-1,0,1,0,1,0,1,1,2,1,6.0,1.84,305.8399963378906,87.45644,454,0,1.25
1.0,2.0,81.0,1,27.0,-1,0,1,1,0,0,2,1,2,0,6.0,2.76,646.4199829101562,65.03054,1397,0,1.25
1.0,1.0,93.0,0,0.0,-1,1,2,1,1,0,0,1,2,2,6.0,2.64,92.0,200.76824,710,0,1.25
2.0,2.0,65.0,0,46.0,-1,0,2,1,1,0,0,0,1,2,6.0,1.02,65.0,310.68201,989,0,0.75
2.0,1.0,73.0,0,0.0,-1,0,0,0,1,0,1,2,2,1,6.0,2.26,116.8,209.90179,766,0,1.5
1.0,1.0,34.0,0,56.0,-1,1,2,0,0,0,2,1,0,0,6.0,2.79,33.0,200.17669,164,0,0.75
1.0,1.0,32.0,2,39.0,2,1,0,0,0,0,1,2,0,2,46.0,3.27,52.8,247.50472,736,1,1.25
1.0,1.0,59.0,0,39.0,-1,0,0,1,1,0,1,2,2,1,6.0,1.68,73.98999786376953,336.26651,1355,0,1.5
1.0,1.0,46.0,1,63.0,1,0,0,1,1,0,2,1,1,2,16.0,2.78,369.79998779296875,152.24793,716,1,1.5
2.0,3.0,112.0,2,44.0,0,0,2,1,0,0,2,1,1,2,14.0,2.3,112.0,277.9744,277,1,1.5
2.0,2.0,146.0,2,36.0,-1,0,0,1,1,0,1,1,0,1,6.0,2.77,1150.0899658203125,270.6793,1368,0,0.75
1.0,1.0,70.0,1,16.0,0,0,0,1,0,0,2,2,1,1,14.0,3.9,112.0,121.32832,663,1,1.5
1.0,1.0,22.0,0,62.0,1,0,2,1,0,0,0,1,0,0,16.0,2.78,24.0,201.10241,1619,1,0.25
1.0,1.0,44.0,1,18.0,1,0,0,0,1,0,2,0,2,1,16.0,2.29,198.91000366210938,139.48975,1543,1,1.25
1.0,1.0,46.0,1,0.0,-1,0,0,1,1,0,1,1,1,2,14.0,1.16,73.6,76.15997,994,0,1.25
1.0,1.0,48.0,0,61.0,1,0,2,0,1,0,1,0,2,0,16.0,2.47,48.0,290.22044,1010,1,0.75
2.0,1.0,70.0,0,34.0,1,1,0,0,1,0,0,1,0,1,16.0,3.67,42.779998779296875,363.44635,1169,1,0.5
2.0,2.0,128.0,2,0.0,-1,0,1,0,1,0,1,0,2,1,6.0,3.24,76.2,184.42851,1539,0,1.0
1.0,1.0,25.0,2,0.0,0,0,0,0,1,0,1,1,1,1,14.0,3.41,351.55999755859375,74.99769,887,1,1.0
1.0,2.0,92.0,1,0.0,1,0,0,0,0,0,2,1,1,1,16.0,1.01,196.0399932861328,122.66738,1075,1,1.25
1.0,1.0,37.0,2,69.0,-1,1,0,0,1,0,1,2,2,2,6.0,1.92,156.38999938964844,206.3349,422,0,1.75
2.0,3.0,148.0,0,56.0,-1,0,2,0,0,0,2,1,2,1,6.0,2.92,102.63999938964844,301.34751,1615,0,1.5
4.0,5.0,145.0,2,40.0,1,0,2,1,1,0,2,2,2,1,16.0,1.79,145.0,325.24004,1554,1,1.75
1.0,1.0,40.0,1,70.0,2,0,0,1,1,0,1,0,2,2,46.0,2.43,67.2,185.54846,918,1,1.25
2.0,1.0,59.0,2,60.0,-1,1,0,0,0,0,1,2,1,1,6.0,2.25,155.83999633789062,153.60114,422,0,1.25
1.0,2.0,136.0,2,45.0,-1,0,0,0,1,0,2,2,1,1,6.0,2.46,216.0,6153.748799999999,500,0,1.5
1.0,5.0,140.0,2,56.0,-1,0,2,0,1,0,1,0,2,1,16.0,2.32,140.0,247.43404,245,0,1.0
1.0,1.0,84.0,0,26.0,-1,0,2,1,0,0,1,1,1,1,16.0,2.16,83.0,321.97962,907,0,1.0
2.0,1.0,88.0,1,48.0,1,0,1,1,1,0,1,1,0,2,16.0,2.37,646.3800048828125,97.05216,571,1,1.0
5.0,5.0,143.0,2,68.0,-1,0,1,1,0,0,1,1,2,1,6.0,1.96,537.3699951171875,257.0031,1093,0,1.25
1.0,1.0,31.0,2,0.0,1,0,1,1,1,0,2,1,1,1,16.0,4.2,538.6699829101562,190.32108,1532,1,1.25
1.0,1.0,81.0,0,41.0,-1,0,1,1,0,0,0,2,0,2,6.0,2.09,48.6,140.10629,713,0,1.0
1.0,3.0,101.0,0,44.0,-1,0,1,1,1,0,2,2,2,1,6.0,3.27,134.24000549316406,231.19611,863,0,1.75
2.0,2.0,66.0,1,54.0,-1,1,2,0,1,0,1,1,0,1,6.0,2.04,55.310001373291016,66.95561,415,0,0.75
5.0,2.0,137.0,2,32.0,-1,0,0,0,0,0,1,2,2,2,6.0,2.0,341.5199890136719,284.3093,444,0,1.75
3.0,3.0,105.0,0,36.0,-1,0,1,0,1,0,1,1,2,0,46.0,3.0,105.51000213623047,423.49313,916,0,1.0
1.0,1.0,57.0,1,53.0,1,0,0,0,0,0,1,1,2,1,16.0,1.85,92.8,133.07644,157,1,1.25
1.0,1.0,52.0,2,60.0,-1,0,2,1,1,0,1,2,1,0,6.0,2.19,274.44000244140625,203.42258,582,0,1.0
2.0,1.0,84.0,1,58.0,-1,0,2,1,1,0,1,1,1,2,6.0,1.84,85.0,85.12728,1415,0,1.25
4.0,5.0,146.0,1,64.0,-1,0,2,0,1,0,1,0,0,2,6.0,2.32,147.0,194.75596,824,0,0.75
1.0,1.0,53.0,0,42.0,1,0,0,0,0,0,0,2,1,2,16.0,2.14,83.2,168.17889,1001,1,1.25
1.0,1.0,40.0,2,0.0,-1,0,2,1,0,0,1,2,1,2,16.0,2.79,40.0,192.4916,522,0,1.5
1.0,1.0,100.0,2,37.0,-1,0,1,0,1,0,0,2,2,1,6.0,2.09,60.0,192.41724,841,0,1.25
1.0,2.0,130.0,2,47.0,-1,0,1,1,1,0,2,0,1,1,6.0,1.96,537.47998046875,257.83839,1542,0,1.0
1.0,1.0,35.0,0,43.0,-1,0,2,1,0,0,1,1,1,2,6.0,2.53,34.0,163.57213,850,0,1.25
1.0,1.0,54.0,1,39.0,-1,0,0,0,0,0,2,1,2,1,6.0,3.13,198.30999755859375,114.48894,903,0,1.5
5.0,1.0,133.0,0,56.0,-1,0,2,0,0,0,2,1,1,2,16.0,2.04,102.79000091552734,284.16479,762,0,1.5
1.0,1.0,40.0,1,69.0,-1,1,1,0,1,0,1,2,0,1,6.0,1.92,87.55999755859375,103.41824,193,0,1.0
1.0,1.0,46.0,0,50.0,-1,0,2,0,0,0,2,1,1,1,6.0,2.35,103.66000366210938,162.7473,952,0,1.25
1.0,1.0,51.0,2,0.0,-1,0,0,0,1,0,2,1,2,1,14.0,2.32,349.20001220703125,124.35327,1368,0,1.5
1.0,2.0,71.0,2,44.0,-1,1,0,0,0,0,1,1,1,2,6.0,1.86,155.5500030517578,218.77928,282,0,1.25
1.0,1.0,49.0,1,41.0,-1,0,2,1,1,0,2,1,0,2,6.0,3.09,48.0,90.86315,1364,0,1.25
2.0,3.0,111.0,0,70.0,-1,0,0,0,1,0,1,1,1,1,6.0,1.9,58.029998779296875,290.83897,463,0,1.0
1.0,1.0,49.0,2,0.0,-1,0,0,0,1,0,1,2,0,1,16.0,3.79,349.3800048828125,121.98466,1402,0,1.0
2.0,4.0,131.0,1,0.0,-1,0,0,1,0,0,1,1,0,2,6.0,2.22,209.6,132.9009,414,0,1.0
1.0,1.0,26.0,2,42.0,1,1,0,1,1,0,1,1,1,1,16.0,2.26,211.11000061035156,208.40353,1275,1,1.0
1.0,1.0,85.0,1,61.0,-1,1,2,1,1,0,2,2,1,1,16.0,2.61,68.2699966430664,145.43919,471,0,1.5
1.0,1.0,98.0,2,47.0,-1,1,1,1,1,0,2,0,1,2,6.0,3.37,136.7899932861328,136.46378,1150,0,1.25
1.0,1.0,37.0,1,57.0,-1,0,0,0,0,0,0,2,2,0,6.0,3.63,59.2,90.99095,1248,0,1.0
2.0,2.0,89.0,2,66.0,-1,0,2,0,0,0,0,2,1,1,16.0,3.37,113.36000061035156,141.01265,727,0,1.0
2.0,2.0,106.0,2,57.0,0,0,1,1,0,0,1,0,2,0,14.0,1.13,537.6799926757812,176.2374,923,1,0.75
1.0,1.0,58.0,1,57.0,-1,0,2,1,1,0,1,1,0,1,6.0,4.93,59.0,59.59072,1309,0,0.75
1.0,1.0,28.0,2,34.0,-1,0,0,1,1,0,2,1,1,2,46.0,1.26,1152.4300537109375,288.46186,1567,0,1.5
1.0,1.0,88.0,0,47.0,0,0,0,1,1,0,2,1,1,2,14.0,3.39,142.4,294.49343,1013,1,1.5
1.0,2.0,143.0,2,0.0,-1,0,0,0,1,0,2,2,2,0,6.0,2.59,228.8,345.08239,1271,0,1.5
1.0,1.0,89.0,0,33.0,-1,0,0,1,1,0,2,1,1,2,6.0,2.26,140.8,414.26372,655,0,1.5
2.0,1.0,120.0,0,66.0,-1,0,0,1,0,0,0,1,1,1,6.0,2.23,73.9800033569336,294.41214,1605,0,0.75
1.0,1.0,90.0,1,21.0,-1,0,0,0,1,0,1,1,1,1,14.0,1.33,144.0,144.86505,1053,0,1.0
1.0,1.0,50.0,2,45.0,-1,0,0,1,1,0,2,1,1,1,6.0,4.77,1152.0,180.80854,395,0,1.25
1.0,2.0,77.0,0,9.0,1,0,0,1,1,0,2,2,1,1,16.0,2.21,73.98999786376953,386.29538,93,1,1.5
1.0,1.0,5669.0,0,28.0,-1,1,2,0,1,0,2,0,2,1,16.0,1.37,55.0,182.86716,1423,0,1.25
2.0,0.0,5869.0,2,42.0,-1,0,0,0,1,0,1,1,1,1,6.0,2.01,64.19000244140625,244.28119,602,0,1.0
2.0,1.0,73.0,0,53.0,-1,0,2,0,1,0,0,1,2,1,6.0,3.73,103.38999938964844,252.85084,174,0,1.0
1.0,1.0,109.0,1,61.0,0,1,0,0,0,0,2,1,1,1,14.0,1.99,88.62999725341797,159.10105,868,1,1.25
1.0,1.0,52.0,0,0.0,-1,0,2,1,1,0,2,1,1,0,6.0,3.06,173.72000122070312,139.77334,123,0,1.0
2.0,1.0,122.0,0,60.0,-1,0,1,1,1,0,0,1,2,0,6.0,1.52,134.22999572753906,268.10168,1557,0,0.75
1.0,1.0,59.0,2,68.0,-1,0,1,0,1,0,2,1,2,1,6.0,3.18,215.5399932861328,148.09199,310,0,1.5
2.0,2.0,122.0,0,31.0,-1,0,0,1,1,0,2,2,2,1,14.0,2.87,73.9800033569336,463.44584,695,0,1.75
2.0,1.0,76.0,0,17.0,-1,0,2,0,0,0,2,2,0,2,6.0,1.93,103.36000061035156,290.03037,668,0,1.5
2.0,1.0,66.0,2,38.0,-1,0,0,1,0,0,0,1,1,1,6.0,2.01,108.8,120.80308,1376,0,0.75
1.0,1.0,24.0,0,63.0,-1,0,0,0,1,0,0,2,1,0,6.0,1.93,38.4,155.1961,606,0,0.75
1.0,1.0,65.0,1,31.0,-1,0,2,0,1,0,1,1,1,0,6.0,2.54,132.63999938964844,96.55351,426,0,0.75
3.0,4.0,132.0,2,35.0,2,0,0,0,1,0,0,0,2,2,46.0,3.27,211.2,456.33628,941,1,1.0
2.0,1.0,124.0,1,48.0,-1,0,2,0,1,0,2,1,1,2,6.0,3.7,131.77000427246094,114.13339,1218,0,1.5
2.0,1.0,93.0,0,20.0,0,1,2,1,1,0,1,2,1,1,14.0,3.75,94.0,351.33624,227,1,1.25
4.0,4.0,144.0,0,0.0,1,0,0,0,1,0,1,1,2,1,16.0,2.52,57.68000030517578,482.00926,929,1,1.25
2.0,1.0,62.0,0,70.0,0,1,1,0,1,0,1,1,2,1,14.0,3.13,46.790000915527344,165.9414,130,1,1.25
3.0,1.0,135.0,1,41.0,1,0,0,0,1,0,1,2,2,0,16.0,3.84,193.52000427246094,196.758,1009,1,1.25
1.0,1.0,38.0,2,0.0,-1,0,1,0,1,0,1,1,1,1,6.0,1.19,22.8,59.19676,957,0,1.0
1.0,1.0,81.0,0,34.0,-1,1,0,0,0,0,1,1,2,2,6.0,2.22,42.709999084472656,192.28561,1082,0,1.5
3.0,2.0,116.0,0,0.0,0,0,0,0,1,0,2,1,1,0,14.0,3.96,184.0,308.39612,1404,1,1.0
2.0,1.0,83.0,1,61.0,-1,0,1,0,0,0,2,1,1,0,6.0,2.56,307.4200134277344,85.23238,466,0,1.0
1.0,1.0,47.0,2,57.0,-1,0,2,0,0,0,2,1,2,0,46.0,1.39,47.0,251.10501,521,0,1.25
4.0,5.0,149.0,0,3.0,-1,0,2,0,1,0,1,1,0,1,6.0,4.26,148.0,415.93632,533,0,0.75
5.0,3.0,133.0,2,28.0,2,0,1,0,1,0,0,2,1,1,46.0,1.9,79.2,372.83073,1519,1,1.0
1.0,1.0,47.0,0,60.0,-1,1,0,0,1,0,2,0,2,1,6.0,2.67,42.95000076293945,225.13279,328,0,1.25
1.0,1.0,97.0,2,56.0,-1,0,0,1,0,0,1,1,1,2,16.0,3.98,155.2,174.32156,1589,0,1.25
2.0,2.0,143.0,0,0.0,-1,0,2,0,1,0,2,0,2,2,6.0,4.74,102.69000244140625,367.06263,505,0,1.5
1.0,2.0,111.0,1,35.0,-1,0,1,1,1,0,1,1,1,2,46.0,2.09,646.27001953125,186.69676,904,0,1.25
1.0,1.0,63.0,0,50.0,-1,0,2,0,0,0,1,2,2,1,6.0,2.51,64.0,133.52741,1042,0,1.5
1.0,2.0,113.0,0,46.0,-1,0,0,0,1,0,2,1,1,1,6.0,3.08,180.8,364.38449,919,0,1.25
1.0,1.0,23.0,0,62.0,-1,0,0,0,0,0,1,1,0,2,6.0,2.67,58.97999954223633,71.85705,569,0,1.0
1.0,1.0,74.0,1,63.0,-1,0,2,0,0,0,2,2,1,2,6.0,1.61,72.0,87.91308,1437,0,1.75
1.0,1.0,42.0,0,20.0,1,0,1,0,1,0,1,2,0,1,16.0,1.7,106.69000244140625,147.83111,1117,1,1.0
1.0,2.0,94.0,0,55.0,-1,0,2,1,1,0,1,2,2,1,6.0,2.96,94.0,384.4957,466,0,1.5
1.0,1.0,58.0,2,55.0,1,0,0,1,1,0,1,1,2,2,16.0,1.66,1151.8399658203125,283.20019,209,1,1.5
1.0,1.0,44.0,2,62.0,-1,0,2,1,1,0,1,1,0,2,6.0,2.15,46.0,142.49776,907,0,1.0
3.0,1.0,113.0,2,35.0,-1,0,2,0,0,0,0,1,1,1,6.0,3.71,113.0,244.56593,150,0,0.75
2.0,1.0,106.0,0,41.0,-1,0,0,0,1,0,1,0,1,2,6.0,2.85,58.08000183105469,341.57316,1056,0,1.0
1.0,1.0,119.0,2,57.0,-1,0,1,0,1,0,1,1,1,1,6.0,2.04,213.07000732421875,198.13125,281,0,1.0
1.0,1.0,22.0,2,43.0,-1,0,0,1,1,0,2,2,2,2,6.0,1.7,1152.489990234375,150.33924,1129,0,2.0
1.0,1.0,57.0,2,55.0,-1,0,1,1,1,0,2,2,0,2,6.0,3.97,33.6,106.55728,502,0,1.5
1.0,1.0,21.0,0,42.0,-1,1,0,1,1,0,1,1,1,2,6.0,3.09,36.8,195.92752,471,0,1.25
5.0,2.0,134.0,1,41.0,0,0,1,0,0,0,1,0,1,0,14.0,2.02,81.0,95.3143,1435,1,0.5
1.0,1.0,84.0,2,0.0,-1,0,0,0,1,0,2,2,2,1,6.0,2.26,346.2300109863281,280.32503,101,0,1.75
2.0,1.0,89.0,1,50.0,-1,0,0,1,1,0,2,0,0,1,6.0,1.96,144.0,169.52224,617,0,0.75
1.0,1.0,39.0,0,47.0,-1,1,2,1,1,0,2,1,0,1,6.0,2.26,40.0,205.98332,132,0,1.0
2.0,1.0,105.0,0,60.0,-1,0,2,0,1,0,2,0,1,1,6.0,2.98,103.06999969482422,292.36632,832,0,1.0
2.0,1.0,63.0,2,47.0,-1,1,1,0,0,0,2,2,0,2,6.0,1.24,93.30999755859375,131.06434,1343,0,1.5
1.0,2.0,104.0,1,44.0,-1,0,2,1,0,0,1,2,1,0,6.0,1.99,295.3999938964844,114.13432,616,0,1.0
1.0,1.0,19.0,2,55.0,-1,0,1,0,1,0,1,1,1,1,6.0,1.76,217.1999969482422,154.71856,546,0,1.0
1.0,1.0,108.0,0,0.0,-1,0,0,1,1,0,2,2,2,1,16.0,1.92,174.4,417.16825,354,0,1.75
1.0,2.0,128.0,0,0.0,-1,0,1,1,1,0,2,0,1,0,6.0,2.54,75.6,275.68967,684,0,0.75
2.0,1.0,88.0,2,41.0,-1,0,1,0,1,0,1,2,0,2,6.0,3.4,214.33999633789062,226.87543,1241,0,1.25
1.0,1.0,46.0,0,37.0,-1,1,1,1,0,0,0,0,0,1,6.0,2.92,27.0,80.21964,1217,0,0.25
1.0,1.0,106.0,0,0.0,-1,0,1,0,1,0,1,2,1,1,6.0,4.49,64.2,175.49131,1572,0,1.25
3.0,1.0,101.0,0,61.0,-1,0,2,1,1,0,1,1,0,1,6.0,2.27,100.0,371.88623,500,0,0.75
1.0,1.0,30.0,0,68.0,-1,0,0,0,1,0,2,2,2,2,6.0,1.67,48.0,271.70536,1015,0,2.0
2.0,2.0,111.0,0,0.0,0,0,2,0,1,0,2,2,1,2,14.0,3.24,103.01000213623047,270.61128,1066,1,1.75
2.0,3.0,141.0,1,40.0,1,0,2,1,1,0,0,0,1,2,16.0,1.53,295.3399963378906,173.33556,1246,1,0.75
2.0,1.0,118.0,0,25.0,2,0,1,1,1,0,1,0,1,1,46.0,3.3,134.22999572753906,358.315,1068,1,0.75
1.0,2.0,95.0,0,19.0,2,1,2,1,0,0,1,2,1,1,46.0,1.73,50.0099983215332,419.73791,1499,1,1.25
1.0,1.0,40.0,1,33.0,0,0,1,1,1,0,1,1,1,1,14.0,2.07,646.6099853515625,98.12627,215,1,1.0
1.0,1.0,52.0,0,53.0,-1,1,0,0,0,1,1,1,1,1,6.0,2.29,27.030000686645508,130.7967,409,0,1.0
1.0,1.0,93.0,2,53.0,-1,0,1,1,0,0,1,1,2,1,6.0,1.95,55.8,190.74948,1203,0,1.25
5.0,4.0,148.0,1,67.0,-1,0,0,1,1,0,0,2,2,1,6.0,2.32,235.2,237.72132,843,0,1.25
1.0,1.0,39.0,0,58.0,1,0,2,0,1,0,0,1,1,1,16.0,3.04,103.7300033569336,269.98479,1482,1,0.75
1.0,2.0,73.0,2,65.0,-1,0,2,1,0,0,1,1,2,1,46.0,3.45,274.32000732421875,3787.4562,1293,0,1.25
3.0,1.0,114.0,0,40.0,0,1,2,0,1,0,0,1,1,0,14.0,1.74,113.0,326.42403,841,1,0.5
1.0,2.0,130.0,2,30.0,-1,0,0,0,1,0,0,0,2,2,6.0,2.89,206.4,268.75486,1621,0,1.0
1.0,1.0,25.0,2,35.0,-1,0,0,0,0,0,1,0,2,1,6.0,2.83,6008.0,139.58602,1368,0,1.0
2.0,1.0,62.0,1,48.0,-1,1,0,0,0,0,2,1,2,2,16.0,1.38,89.20999908447266,138.16784,986,0,1.75
4.0,1.0,150.0,2,0.0,-1,0,1,0,0,0,1,2,1,1,6.0,4.85,211.80999755859375,148.94321,1042,0,1.25
1.0,3.0,105.0,1,52.0,-1,0,2,1,1,0,1,2,1,2,6.0,3.57,295.3999938964844,139.02835,1231,0,1.5
2.0,2.0,127.0,2,0.0,-1,0,1,0,0,0,0,1,0,1,6.0,1.96,212.74000549316406,201.74836,625,0,0.5
1.0,1.0,27.0,2,0.0,-1,1,2,1,1,0,2,0,0,0,6.0,2.7,26.0,108.83434,319,0,0.5
3.0,1.0,147.0,1,49.0,-1,0,1,0,0,0,1,1,1,1,14.0,2.88,87.6,93.41169,1456,0,1.0
1.0,1.0,23.0,0,58.0,-1,0,0,1,1,0,2,1,2,2,6.0,1.24,35.2,129.60086,432,0,1.75
1.0,1.0,48.0,1,64.0,1,0,1,0,1,0,1,2,2,2,16.0,3.15,309.3900146484375,134.10123,680,1,1.75
1.0,1.0,47.0,2,65.0,-1,1,0,0,1,0,0,0,1,1,14.0,3.27,73.6,207.77898,806,0,0.5
1.0,1.0,59.0,0,0.0,2,0,0,0,1,0,2,2,0,0,46.0,2.74,58.59000015258789,424.85266,1404,1,1.0
1.0,1.0,46.0,1,39.0,1,1,1,0,1,0,0,2,2,2,16.0,1.65,87.48999786376953,131.07269,959,1,1.5
1.0,1.0,36.0,2,52.0,-1,0,0,0,1,0,1,0,1,2,6.0,2.9,56.0,78.76288,1500,0,1.0
2.0,3.0,108.0,2,2.0,2,1,1,1,1,0,1,1,0,2,46.0,1.73,64.2,305.86436,1605,1,1.0
1.0,1.0,39.0,0,46.0,-1,0,0,1,1,0,0,1,1,0,6.0,1.96,74.0,261.71307,1132,0,0.5
1.0,1.0,42.0,0,67.0,2,0,1,1,1,0,1,1,2,1,46.0,2.19,25.2,383.95709,1539,1,1.25
1.0,2.0,62.0,0,43.0,-1,0,2,1,1,0,1,0,0,1,6.0,2.4,173.72000122070312,229.39856,573,0,0.5
1.0,3.0,123.0,1,62.0,1,1,0,0,0,0,0,2,2,1,16.0,1.82,196.8,124.51035,1210,1,1.25
3.0,2.0,126.0,1,53.0,-1,0,0,0,1,0,0,1,0,1,6.0,3.33,201.6,129.68117,1104,0,0.5
4.0,2.0,148.0,1,35.0,-1,0,1,1,0,0,1,1,0,1,6.0,4.2,646.0900268554688,102.03082,1147,0,0.75
1.0,1.0,45.0,0,0.0,1,0,0,0,1,0,2,0,1,1,16.0,3.69,58.7400016784668,179.06572,386,1,1.0
2.0,1.0,84.0,2,68.0,2,0,2,1,0,0,2,1,1,1,46.0,1.35,274.260009765625,237.67435,1462,1,1.25
1.0,1.0,38.0,2,62.0,-1,0,1,1,1,0,1,2,2,0,6.0,1.85,538.5599975585938,84.17778,381,0,1.25
2.0,2.0,82.0,2,26.0,-1,0,0,1,1,0,2,1,2,1,46.0,2.05,131.2,411.84859,307,0,1.5
2.0,1.0,130.0,0,57.0,-1,0,0,1,1,0,1,1,0,1,6.0,2.16,73.97000122070312,331.3067,589,0,0.75
1.0,1.0,114.0,2,66.0,0,0,1,1,1,0,2,1,1,1,14.0,1.98,69.0,240.70889,146,1,1.25
1.0,1.0,47.0,1,37.0,-1,0,2,1,1,0,2,1,1,2,6.0,1.68,48.0,129.13588,832,0,1.5
1.0,1.0,21.0,0,39.0,-1,0,2,0,1,0,2,0,2,1,6.0,2.04,103.91000366210938,83.51048,1608,0,1.25
1.0,1.0,21.0,0,35.0,1,1,1,0,1,0,2,1,1,2,16.0,1.84,12.0,204.80852,873,1,1.5
3.0,2.0,112.0,1,66.0,1,0,1,0,1,0,2,2,1,1,16.0,2.79,67.2,139.40134,1055,1,1.5
1.0,1.0,79.0,1,38.0,-1,0,0,1,1,0,1,0,1,1,46.0,1.44,369.6400146484375,212.07047,1228,0,0.75
2.0,3.0,119.0,0,48.0,-1,0,0,0,1,0,1,2,0,1,16.0,3.5,57.95000076293945,403.87527,1556,0,1.0
1.0,1.0,88.0,0,0.0,0,0,1,0,0,0,2,0,1,1,14.0,2.5,53.4,252.2039,1499,1,1.0
1.0,1.0,8033.0,0,0.0,-1,0,1,0,1,0,1,0,1,1,6.0,1.5,28.2,89.85384,349,0,0.75
1.0,2.0,79.0,2,62.0,0,0,0,1,1,0,0,1,0,1,14.0,3.06,1151.4200439453125,232.86169,387,1,0.5
1.0,1.0,29.0,0,0.0,-1,0,2,0,1,0,2,1,2,2,46.0,2.03,29.0,247.45759,470,0,1.75
1.0,1.0,26.0,1,0.0,-1,0,0,0,1,0,1,1,2,1,6.0,3.09,199.99000549316406,40.11621,820,0,1.25
1.0,1.0,67.0,1,40.0,-1,0,2,0,0,0,2,1,1,0,6.0,2.37,67.0,83.81602,757,0,1.0
3.0,5.0,147.0,0,63.0,-1,1,2,1,0,0,0,0,2,1,6.0,4.33,49.880001068115234,381.10381,933,0,0.75
2.0,2.0,98.0,0,16.0,-1,0,0,1,0,0,1,1,2,1,6.0,1.81,155.2,362.73064,987,0,1.25
1.0,1.0,53.0,2,38.0,0,0,0,1,0,0,1,1,2,2,14.0,3.04,1151.93994140625,124.53361,1485,1,1.5
1.0,1.0,26.0,0,46.0,-1,1,2,0,1,0,1,1,1,1,16.0,1.14,47.959999084472656,131.55037,491,0,1.0
1.0,1.0,54.0,0,69.0,-1,1,0,0,0,0,2,2,2,0,6.0,4.89,42.900001525878906,188.55758,1462,0,1.5
2.0,2.0,123.0,0,19.0,-1,1,2,0,1,0,2,2,1,0,6.0,3.37,122.0,274.03306,1094,0,1.25
5.0,4.0,138.0,0,41.0,-1,1,0,1,1,0,1,1,1,2,6.0,4.8,45.90999984741211,401.51635,766,0,1.25
1.0,2.0,111.0,2,61.0,-1,0,0,0,1,0,2,2,1,1,6.0,2.05,179.2,203.6033,1319,0,1.5
1.0,1.0,38.0,2,50.0,-1,0,0,0,1,0,2,1,1,1,6.0,2.15,350.3800048828125,91.89332,1330,0,1.25
1.0,1.0,36.0,2,70.0,1,0,2,0,0,0,2,1,2,0,16.0,3.64,36.0,128.99805,755,1,1.25
2.0,2.0,89.0,1,39.0,-1,0,1,0,1,0,1,1,1,0,6.0,3.22,52.8,104.32451,502,0,0.75
1.0,1.0,92.0,1,25.0,-1,0,1,0,1,0,2,2,2,2,6.0,1.39,306.9100036621094,85.84295,986,0,2.0
2.0,1.0,84.0,0,59.0,-1,0,0,1,1,0,0,1,1,2,6.0,2.75,136.0,310.88624,1190,0,1.0
2.0,2.0,67.0,1,50.0,-1,0,0,1,1,0,1,0,2,2,6.0,2.13,369.70001220703125,125.94937,709,0,1.25
1.0,1.0,8979.0,2,61.0,-1,0,1,0,1,0,1,1,1,0,14.0,2.67,18.6,176.02861,707,0,0.75
1.0,1.0,19.0,2,6.0,-1,0,0,0,0,0,1,1,1,0,6.0,3.25,352.1099853515625,144.54239,726,0,0.75
1.0,1.0,79.0,2,70.0,0,0,2,0,0,0,2,1,1,2,14.0,2.03,79.0,122.2759,924,1,1.5
1.0,1.0,53.0,1,68.0,-1,0,2,1,0,0,1,2,1,1,6.0,2.79,295.489990234375,98.113,1609,0,1.25
1.0,2.0,90.0,1,26.0,2,0,1,0,1,0,1,2,1,1,46.0,1.84,307.0199890136719,163.70742,1461,1,1.25
1.0,2.0,66.0,1,56.0,-1,1,0,0,0,0,1,2,2,1,46.0,1.43,89.16999816894531,175.49903,812,0,1.5
1.0,2.0,96.0,1,15.0,-1,0,1,1,1,0,1,1,1,0,16.0,1.26,646.3400268554688,126.34443,1416,0,0.75
1.0,2.0,122.0,1,70.0,1,0,2,0,0,0,1,0,1,1,16.0,2.72,131.8000030517578,141.5547,1228,1,0.75
3.0,4.0,135.0,2,48.0,-1,0,2,1,1,0,2,2,0,1,6.0,2.43,273.9800109863281,284.04233,518,0,1.25
1.0,3.0,101.0,0,6.0,-1,0,0,0,1,0,0,2,0,2,6.0,3.35,58.13999938964844,370.8086,211,0,1.0
1.0,1.0,50.0,0,0.0,-1,0,0,0,1,0,1,1,0,2,6.0,3.82,81.6,131.70414,1329,0,1.0
1.0,1.0,22.0,1,0.0,1,0,1,1,1,0,0,1,1,2,16.0,1.96,646.7000122070312,112.81739,194,1,1.0
3.0,3.0,100.0,2,34.0,2,0,1,0,1,0,2,1,1,1,46.0,2.55,60.0,263.90993,262,1,1.25
2.0,2.0,136.0,0,27.0,-1,0,2,1,1,0,1,0,1,1,6.0,2.59,136.0,302.07907,310,0,0.75
3.0,1.0,127.0,2,66.0,-1,0,2,0,1,0,0,1,1,2,6.0,1.62,112.7699966430664,177.26699,1371,0,1.0
5.0,2.0,140.0,1,32.0,-1,0,1,0,1,0,1,1,2,1,6.0,4.02,84.6,153.31758,215,0,1.25
1.0,1.0,41.0,0,41.0,1,1,2,0,0,0,1,1,1,1,16.0,3.31,5059.0,198.35813,202,1,1.0
4.0,4.0,134.0,2,20.0,-1,0,1,1,1,0,2,0,1,1,6.0,2.93,537.4500122070312,316.71819,308,0,1.0
1.0,1.0,38.0,1,45.0,-1,0,1,0,1,0,1,1,0,2,6.0,2.06,23.4,99.28626,1330,0,1.0
1.0,1.0,48.0,1,55.0,-1,0,1,0,1,0,1,1,1,2,16.0,2.98,29.4,131.34758,424,0,1.25
2.0,2.0,118.0,1,40.0,2,0,1,0,1,0,0,0,2,2,46.0,2.1,305.45001220703125,181.28567,974,1,1.0
1.0,1.0,37.0,1,31.0,-1,0,0,0,1,0,1,0,0,1,6.0,2.41,60.8,83.69621,130,0,0.5
1.0,1.0,47.0,1,0.0,-1,1,1,0,1,0,0,2,2,2,6.0,3.09,28.2,108.08102,434,0,1.5
1.0,1.0,55.0,0,0.0,-1,1,0,1,1,0,1,1,0,2,6.0,3.31,88.0,307.47798,942,0,1.0
1.0,1.0,31.0,0,21.0,-1,0,1,0,0,0,1,1,0,1,6.0,2.12,17.4,197.18885,394,0,0.75
3.0,3.0,105.0,2,27.0,-1,0,2,0,1,0,2,1,1,1,6.0,2.37,106.0,272.80377,1515,0,1.25
1.0,1.0,25.0,1,28.0,-1,0,0,1,1,0,1,0,0,1,6.0,3.78,40.0,76.35695,687,0,0.5
1.0,2.0,117.0,2,0.0,-1,0,0,1,1,0,1,2,2,1,6.0,1.98,6405.0,282.20531,501,0,1.5
2.0,2.0,112.0,1,58.0,1,0,2,0,1,0,2,2,2,1,16.0,2.26,109.0,195.18593,221,1,1.75
3.0,1.0,105.0,1,60.0,-1,0,0,1,1,0,0,1,1,1,6.0,2.18,369.5199890136719,123.989,865,0,0.75
1.0,1.0,65.0,1,68.0,-1,0,1,0,1,0,2,1,0,1,6.0,1.71,37.8,106.13729,1593,0,1.0
3.0,2.0,125.0,1,53.0,1,0,2,1,1,0,0,0,2,1,16.0,2.64,125.0,168.99989,673,1,0.75
2.0,1.0,96.0,1,0.0,-1,0,2,0,1,0,0,1,1,1,14.0,4.82,97.0,88.76439,1260,0,0.75
2.0,1.0,102.0,0,48.0,-1,0,0,0,0,0,2,2,0,1,6.0,4.69,58.130001068115234,332.7105,1460,0,1.25
2.0,3.0,126.0,2,60.0,-1,0,1,1,1,0,2,1,2,1,14.0,2.96,537.510009765625,265.30936,86,0,1.5
1.0,1.0,29.0,0,0.0,-1,0,2,0,1,0,0,0,2,1,6.0,1.96,28.0,139.99302,897,0,0.75
2.0,1.0,124.0,2,4.0,0,0,1,0,1,0,2,2,1,1,14.0,3.05,212.86000061035156,192.40102,1096,1,1.5
1.0,1.0,59.0,0,63.0,-1,0,1,0,1,0,0,1,1,0,16.0,3.78,34.8,272.73068,1348,0,0.5
3.0,2.0,119.0,2,45.0,-1,0,1,1,1,0,2,1,1,1,6.0,3.55,537.5700073242188,164.52856,1437,0,1.25
2.0,2.0,98.0,0,47.0,-1,0,1,0,1,0,0,1,1,1,6.0,2.82,105.63999938964844,177.74107,628,0,0.75
1.0,1.0,57.0,1,55.0,0,0,1,0,1,0,2,0,1,1,14.0,3.48,308.8800048828125,61.64647,1099,1,1.0
1.0,1.0,59.0,1,39.0,-1,0,1,1,1,0,2,1,1,2,6.0,2.27,8326.0,69.38438,261,0,1.5
1.0,1.0,5667.0,2,0.0,-1,0,2,1,1,0,0,1,1,1,6.0,3.4,28.0,160.73645,1090,0,0.75
3.0,1.0,117.0,2,51.0,-1,1,0,0,1,0,1,0,0,1,16.0,1.1,154.39999389648438,279.82585,1405,0,0.5
1.0,2.0,92.0,0,0.0,-1,1,2,0,1,0,2,0,1,1,16.0,3.18,47.650001525878906,365.42383,949,0,1.0
1.0,1.0,80.0,2,22.0,-1,1,1,0,1,0,0,2,1,0,6.0,2.53,93.08999633789062,202.16686,1371,0,0.75
1.0,2.0,81.0,2,54.0,-1,0,1,0,1,0,2,2,1,1,6.0,1.9,214.6300048828125,123.94232,436,0,1.5
2.0,2.0,131.0,1,57.0,-1,0,1,0,0,0,0,2,2,1,6.0,1.92,79.2,90.44384,232,0,1.25
1.0,1.0,44.0,1,0.0,-1,0,0,0,1,0,2,2,2,0,6.0,3.05,68.8,61.48053,177,0,1.5
1.0,1.0,92.0,2,24.0,-1,0,1,1,1,0,0,1,1,1,14.0,1.79,537.8200073242188,245.73527,1499,0,0.75
1.0,1.0,57.0,0,56.0,0,0,2,1,1,0,0,1,2,2,14.0,1.83,173.72000122070312,329.62138,739,1,1.25
1.0,1.0,88.0,2,62.0,1,0,0,0,1,1,1,1,1,1,16.0,1.62,139.2,306.16859,161,1,1.0
1.0,1.0,122.0,1,28.0,-1,0,1,1,1,0,1,1,1,2,6.0,2.97,72.6,125.37942,1355,0,1.25
1.0,1.0,33.0,1,0.0,-1,0,0,1,0,0,1,0,1,2,6.0,2.83,49.6,95.85632,203,0,1.0
1.0,1.0,92.0,1,63.0,-1,1,1,1,1,0,1,1,2,1,6.0,3.64,104.61000061035156,73.10897,1571,0,1.25
1.0,1.0,58.0,1,38.0,-1,0,2,0,0,0,0,0,1,1,46.0,2.3,58.0,115.7901,1544,0,0.5
1.0,1.0,22.0,1,34.0,-1,1,0,1,1,0,1,2,1,0,6.0,2.41,106.61000061035156,76.54197,1357,0,1.0
1.0,1.0,98.0,1,50.0,2,0,0,1,1,0,1,2,1,0,46.0,4.08,369.54998779296875,174.40335,1067,1,1.0
1.0,1.0,33.0,0,55.0,-1,0,2,1,1,0,1,1,0,1,16.0,3.83,32.0,292.71525,466,0,0.75
1.0,1.0,52.0,2,37.0,-1,0,1,1,1,0,1,1,1,2,6.0,3.74,31.8,200.61956,1073,0,1.25
1.0,1.0,32.0,1,49.0,1,0,0,1,0,0,1,1,1,1,16.0,3.17,369.8699951171875,108.23528,1474,1,1.0
1.0,1.0,96.0,0,49.0,-1,1,0,0,1,0,2,0,2,1,6.0,1.83,42.599998474121094,249.579,939,0,1.25
1.0,1.0,78.0,1,40.0,-1,0,0,0,1,0,1,1,1,1,14.0,2.77,124.8,134.07878,725,0,1.0
1.0,2.0,66.0,0,67.0,-1,0,1,1,1,0,1,2,0,1,6.0,4.4,39.6,275.54542,1488,0,1.0
1.0,1.0,43.0,2,54.0,1,0,0,0,1,0,1,2,2,1,16.0,2.35,65.6,179.71198,1145,1,1.5
2.0,2.0,147.0,1,20.0,-1,0,1,0,0,0,2,0,1,1,6.0,2.37,303.8299865722656,112.18396,1554,0,1.0
1.0,2.0,120.0,1,42.0,-1,1,1,1,0,0,1,2,1,1,6.0,2.4,104.4000015258789,111.55332,351,0,1.25
1.0,5.0,137.0,2,0.0,0,0,1,1,1,0,2,1,2,1,14.0,1.5,82.2,262.43546,790,1,1.5
2.0,3.0,126.0,2,40.0,-1,0,2,1,1,0,0,1,2,0,6.0,2.16,274.0299987792969,234.58247,1620,0,0.75
1.0,1.0,58.0,1,0.0,-1,1,1,0,1,0,1,0,1,1,6.0,1.9,87.3499984741211,42.2398,935,0,0.75
